/*******************************************************************************
 * Size: 22 px
 * Bpp: 4
 * Opts: --size 22 --bpp 4 --format lvgl --font font/Alibaba-PuHuiTi-Regular.ttf -r 0x20-0x7F -r 0x3010-0x3011 --symbols 淇喵盒子今天是年月日距离还有天奶宝宝岁了长按退出正在同步设备时间网络连接成功失败进行中 --lv-include lvgl.h --lv-font-name lv_font_alibaba_22 --no-compress --force-fast-kern-format -o main/lv_font_alibaba_22.c
 ******************************************************************************/

#ifdef __has_include
    #if __has_include("lvgl.h")
        #ifndef LV_LVGL_H_INCLUDE_SIMPLE
            #define LV_LVGL_H_INCLUDE_SIMPLE
        #endif
    #endif
#endif

#ifdef LV_LVGL_H_INCLUDE_SIMPLE
    #include "lvgl.h"
#else
    #include "lvgl.h"
#endif



#ifndef LV_FONT_ALIBABA_22
#define LV_FONT_ALIBABA_22 1
#endif

#if LV_FONT_ALIBABA_22

/*-----------------
 *    BITMAPS
 *----------------*/

/*Store the image of the glyphs*/
static LV_ATTRIBUTE_LARGE_CONST const uint8_t glyph_bitmap[] = {
    /* U+0020 " " */

    /* U+0021 "!" */
    0x2f, 0xf0, 0x1f, 0xf0, 0x1f, 0xf0, 0x0f, 0xe0,
    0x0f, 0xe0, 0x0f, 0xd0, 0x0f, 0xd0, 0x0e, 0xc0,
    0x0e, 0xc0, 0x0d, 0xb0, 0x09, 0x80, 0x00, 0x00,
    0x2b, 0xa1, 0x7f, 0xf4, 0x4f, 0xe2,

    /* U+0022 "\"" */
    0x4f, 0xd0, 0xff, 0x23, 0xfc, 0x0d, 0xf1, 0x1f,
    0xb0, 0xcf, 0x00, 0xf9, 0x0b, 0xf0, 0x0f, 0x80,
    0xae, 0x00, 0xe7, 0x09, 0xc0, 0x06, 0x30, 0x35,
    0x00,

    /* U+0023 "#" */
    0x00, 0x00, 0x7f, 0x50, 0x01, 0xfa, 0x00, 0x00,
    0x0a, 0xf2, 0x00, 0x5f, 0x70, 0x00, 0x00, 0xde,
    0x00, 0x08, 0xf3, 0x00, 0x00, 0x1f, 0xb0, 0x00,
    0xbf, 0x00, 0x9f, 0xff, 0xff, 0xff, 0xff, 0xff,
    0xc5, 0x88, 0xcf, 0xa8, 0x8a, 0xfc, 0x86, 0x00,
    0x0b, 0xf1, 0x00, 0x6f, 0x60, 0x00, 0x00, 0xed,
    0x00, 0x09, 0xf2, 0x00, 0x00, 0x2f, 0xa0, 0x00,
    0xcf, 0x00, 0x05, 0x8a, 0xfc, 0x88, 0x8f, 0xe8,
    0x86, 0x9f, 0xff, 0xff, 0xff, 0xff, 0xff, 0xc0,
    0x0c, 0xf0, 0x00, 0x7f, 0x50, 0x00, 0x00, 0xfc,
    0x00, 0x0a, 0xf1, 0x00, 0x00, 0x3f, 0x80, 0x00,
    0xee, 0x00, 0x00, 0x07, 0xf5, 0x00, 0x1f, 0xa0,
    0x00, 0x00,

    /* U+0024 "$" */
    0x00, 0x00, 0x9d, 0x00, 0x00, 0x00, 0x00, 0x9d,
    0x00, 0x00, 0x01, 0xae, 0xff, 0xfd, 0xb2, 0x0b,
    0xfb, 0xce, 0x9a, 0xd3, 0x2f, 0x90, 0x9d, 0x00,
    0x00, 0x5f, 0x60, 0x9d, 0x00, 0x00, 0x5f, 0x70,
    0x9d, 0x00, 0x00, 0x2f, 0xe3, 0x9d, 0x00, 0x00,
    0x08, 0xff, 0xfe, 0x40, 0x00, 0x00, 0x39, 0xef,
    0xfe, 0x50, 0x00, 0x00, 0x9d, 0x7e, 0xf5, 0x00,
    0x00, 0x9d, 0x02, 0xfc, 0x00, 0x00, 0x9d, 0x00,
    0xdf, 0x00, 0x00, 0x9d, 0x00, 0xde, 0x10, 0x00,
    0x9d, 0x03, 0xfb, 0x9e, 0xca, 0xde, 0xcf, 0xf3,
    0x5c, 0xef, 0xff, 0xea, 0x30, 0x00, 0x00, 0x9d,
    0x00, 0x00, 0x00, 0x00, 0x9d, 0x00, 0x00, 0x00,
    0x00, 0x9d, 0x00, 0x00,

    /* U+0025 "%" */
    0x04, 0xcf, 0xd7, 0x00, 0x00, 0x0b, 0xb0, 0x00,
    0x1f, 0xa4, 0x7f, 0x40, 0x00, 0x4f, 0x20, 0x00,
    0x5f, 0x10, 0x0d, 0x90, 0x00, 0xd9, 0x00, 0x00,
    0x7f, 0x00, 0x0b, 0xb0, 0x07, 0xe1, 0x00, 0x00,
    0x7f, 0x00, 0x0b, 0xb0, 0x1e, 0x70, 0x00, 0x00,
    0x6f, 0x10, 0x0d, 0xa0, 0x9d, 0x00, 0x00, 0x00,
    0x2f, 0x70, 0x4f, 0x52, 0xf4, 0x00, 0x00, 0x00,
    0x06, 0xff, 0xf9, 0x0b, 0xb0, 0x6d, 0xec, 0x50,
    0x00, 0x01, 0x00, 0x4f, 0x23, 0xf7, 0x39, 0xf1,
    0x00, 0x00, 0x00, 0xd9, 0x08, 0xe0, 0x00, 0xf6,
    0x00, 0x00, 0x07, 0xf1, 0x0a, 0xd0, 0x00, 0xe8,
    0x00, 0x00, 0x1e, 0x70, 0x0a, 0xc0, 0x00, 0xe8,
    0x00, 0x00, 0x9d, 0x00, 0x09, 0xe0, 0x00, 0xf6,
    0x00, 0x02, 0xf4, 0x00, 0x04, 0xf4, 0x06, 0xf2,
    0x00, 0x0b, 0xb0, 0x00, 0x00, 0x6d, 0xed, 0x40,

    /* U+0026 "&" */
    0x00, 0x00, 0x3c, 0xfe, 0x91, 0x00, 0x00, 0x00,
    0x00, 0x3f, 0xfb, 0xcf, 0xc0, 0x00, 0x00, 0x00,
    0x0b, 0xf5, 0x00, 0xcf, 0x30, 0x00, 0x00, 0x00,
    0xdf, 0x10, 0x0a, 0xf4, 0x00, 0x00, 0x00, 0x0c,
    0xf4, 0x01, 0xef, 0x10, 0x00, 0x00, 0x00, 0x7f,
    0xb6, 0xef, 0x50, 0x00, 0x00, 0x00, 0x00, 0xef,
    0xfc, 0x30, 0x00, 0x00, 0x00, 0x03, 0xdf, 0xff,
    0x40, 0x00, 0x6a, 0x30, 0x03, 0xff, 0x64, 0xff,
    0x20, 0x0c, 0xf1, 0x00, 0xcf, 0x50, 0x06, 0xfe,
    0x11, 0xfd, 0x00, 0x0f, 0xe0, 0x00, 0x09, 0xfc,
    0xaf, 0x60, 0x01, 0xff, 0x00, 0x00, 0x0b, 0xff,
    0xc0, 0x00, 0x0d, 0xf8, 0x00, 0x00, 0x8f, 0xfb,
    0x00, 0x00, 0x3f, 0xfe, 0xbc, 0xef, 0xce, 0xfe,
    0xb0, 0x00, 0x2a, 0xef, 0xeb, 0x50, 0x1a, 0xef,
    0x10,

    /* U+0027 "'" */
    0x4f, 0xd3, 0xfc, 0x1f, 0xb0, 0xf9, 0x0f, 0x80,
    0xe7, 0x06, 0x30,

    /* U+0028 "(" */
    0x00, 0x05, 0xf7, 0x00, 0x1e, 0xd0, 0x00, 0x9f,
    0x40, 0x01, 0xfd, 0x00, 0x07, 0xf6, 0x00, 0x0d,
    0xf0, 0x00, 0x1f, 0xc0, 0x00, 0x5f, 0x80, 0x00,
    0x6f, 0x70, 0x00, 0x8f, 0x50, 0x00, 0x8f, 0x50,
    0x00, 0x7f, 0x70, 0x00, 0x5f, 0x80, 0x00, 0x2f,
    0xc0, 0x00, 0x0e, 0xf0, 0x00, 0x09, 0xf5, 0x00,
    0x02, 0xfc, 0x00, 0x00, 0xaf, 0x30, 0x00, 0x1f,
    0xc0, 0x00, 0x06, 0xf6,

    /* U+0029 ")" */
    0x8f, 0x40, 0x00, 0x0e, 0xe0, 0x00, 0x05, 0xf8,
    0x00, 0x00, 0xef, 0x00, 0x00, 0x7f, 0x70, 0x00,
    0x2f, 0xc0, 0x00, 0x0e, 0xf0, 0x00, 0x0a, 0xf4,
    0x00, 0x09, 0xf5, 0x00, 0x07, 0xf6, 0x00, 0x07,
    0xf6, 0x00, 0x09, 0xf5, 0x00, 0x0a, 0xf3, 0x00,
    0x0e, 0xf0, 0x00, 0x2f, 0xb0, 0x00, 0x8f, 0x60,
    0x00, 0xee, 0x00, 0x06, 0xf7, 0x00, 0x1e, 0xd0,
    0x00, 0x9f, 0x30, 0x00,

    /* U+002A "*" */
    0x00, 0x02, 0xfa, 0x00, 0x00, 0x00, 0x1f, 0x80,
    0x00, 0x0e, 0xa3, 0xf8, 0x7d, 0x62, 0xdf, 0xff,
    0xff, 0xe8, 0x00, 0x0b, 0xff, 0x40, 0x00, 0x06,
    0xf9, 0xed, 0x00, 0x01, 0xfd, 0x06, 0xf8, 0x00,
    0x03, 0x40, 0x07, 0x00,

    /* U+002B "+" */
    0x00, 0x00, 0x0e, 0xf0, 0x00, 0x00, 0x00, 0x00,
    0x0e, 0xf0, 0x00, 0x00, 0x00, 0x00, 0x0e, 0xf0,
    0x00, 0x00, 0x00, 0x00, 0x0e, 0xf0, 0x00, 0x00,
    0x3d, 0xdd, 0xdf, 0xfd, 0xdd, 0xd5, 0x3f, 0xff,
    0xff, 0xff, 0xff, 0xf6, 0x00, 0x00, 0x0e, 0xf0,
    0x00, 0x00, 0x00, 0x00, 0x0e, 0xf0, 0x00, 0x00,
    0x00, 0x00, 0x0e, 0xf0, 0x00, 0x00, 0x00, 0x00,
    0x0e, 0xf0, 0x00, 0x00, 0x00, 0x00, 0x07, 0x80,
    0x00, 0x00,

    /* U+002C "," */
    0x00, 0x18, 0x50, 0x03, 0xf9, 0x00, 0x7f, 0x40,
    0x0d, 0xe0, 0x04, 0xf6, 0x00, 0xdb, 0x00,

    /* U+002D "-" */
    0x39, 0x99, 0x99, 0x90, 0x6f, 0xff, 0xff, 0xf1,

    /* U+002E "." */
    0x09, 0xb4, 0x1f, 0xfb, 0x0d, 0xf7,

    /* U+002F "/" */
    0x00, 0x00, 0x00, 0x38, 0x10, 0x00, 0x00, 0x0c,
    0xe0, 0x00, 0x00, 0x01, 0xf9, 0x00, 0x00, 0x00,
    0x7f, 0x30, 0x00, 0x00, 0x0d, 0xd0, 0x00, 0x00,
    0x03, 0xf8, 0x00, 0x00, 0x00, 0x8f, 0x20, 0x00,
    0x00, 0x0e, 0xc0, 0x00, 0x00, 0x04, 0xf7, 0x00,
    0x00, 0x00, 0x9f, 0x10, 0x00, 0x00, 0x0f, 0xb0,
    0x00, 0x00, 0x05, 0xf5, 0x00, 0x00, 0x00, 0xbf,
    0x00, 0x00, 0x00, 0x1f, 0xa0, 0x00, 0x00, 0x06,
    0xf4, 0x00, 0x00, 0x00, 0xce, 0x00, 0x00, 0x00,
    0x2f, 0x90, 0x00, 0x00, 0x00,

    /* U+0030 "0" */
    0x00, 0x4b, 0xef, 0xe9, 0x10, 0x00, 0x5f, 0xfc,
    0xbd, 0xfe, 0x10, 0x0e, 0xf4, 0x00, 0x09, 0xf9,
    0x05, 0xfa, 0x00, 0x00, 0x0f, 0xf0, 0x9f, 0x60,
    0x00, 0x00, 0xbf, 0x3b, 0xf4, 0x00, 0x00, 0x09,
    0xf6, 0xcf, 0x30, 0x00, 0x00, 0x8f, 0x7d, 0xf3,
    0x00, 0x00, 0x08, 0xf7, 0xcf, 0x30, 0x00, 0x00,
    0x8f, 0x7b, 0xf4, 0x00, 0x00, 0x09, 0xf6, 0x9f,
    0x60, 0x00, 0x00, 0xbf, 0x35, 0xfa, 0x00, 0x00,
    0x0f, 0xf0, 0x0e, 0xf3, 0x00, 0x09, 0xfa, 0x00,
    0x5f, 0xfc, 0xbd, 0xfe, 0x10, 0x00, 0x4b, 0xff,
    0xe9, 0x10, 0x00,

    /* U+0031 "1" */
    0x25, 0x8c, 0xff, 0xcf, 0xfd, 0xff, 0x53, 0x00,
    0xff, 0x00, 0x00, 0xff, 0x00, 0x00, 0xff, 0x00,
    0x00, 0xff, 0x00, 0x00, 0xff, 0x00, 0x00, 0xff,
    0x00, 0x00, 0xff, 0x00, 0x00, 0xff, 0x00, 0x00,
    0xff, 0x00, 0x00, 0xff, 0x00, 0x00, 0xff, 0x00,
    0x00, 0xff, 0x00, 0x00, 0xff,

    /* U+0032 "2" */
    0x07, 0xde, 0xfe, 0xc7, 0x00, 0x00, 0xad, 0xba,
    0xbf, 0xfc, 0x00, 0x00, 0x00, 0x00, 0x1d, 0xf6,
    0x00, 0x00, 0x00, 0x00, 0x5f, 0x90, 0x00, 0x00,
    0x00, 0x03, 0xfa, 0x00, 0x00, 0x00, 0x00, 0x6f,
    0x80, 0x00, 0x00, 0x00, 0x0c, 0xf3, 0x00, 0x00,
    0x00, 0x08, 0xfa, 0x00, 0x00, 0x00, 0x07, 0xfc,
    0x00, 0x00, 0x00, 0x07, 0xfc, 0x10, 0x00, 0x00,
    0x0a, 0xfb, 0x00, 0x00, 0x00, 0x1c, 0xf8, 0x00,
    0x00, 0x00, 0x4e, 0xf5, 0x00, 0x00, 0x00, 0x0c,
    0xfd, 0xaa, 0xaa, 0xaa, 0xa3, 0xcf, 0xff, 0xff,
    0xff, 0xff, 0x50,

    /* U+0033 "3" */
    0x07, 0xde, 0xff, 0xc7, 0x00, 0x0a, 0xca, 0xab,
    0xff, 0xc0, 0x00, 0x00, 0x00, 0x0c, 0xf4, 0x00,
    0x00, 0x00, 0x06, 0xf6, 0x00, 0x00, 0x00, 0x09,
    0xf4, 0x00, 0x00, 0x13, 0x9f, 0xb0, 0x00, 0xaf,
    0xff, 0xf5, 0x00, 0x00, 0x58, 0x8a, 0xff, 0x70,
    0x00, 0x00, 0x00, 0x0b, 0xf5, 0x00, 0x00, 0x00,
    0x03, 0xfb, 0x00, 0x00, 0x00, 0x01, 0xfd, 0x00,
    0x00, 0x00, 0x03, 0xfb, 0x00, 0x00, 0x00, 0x2d,
    0xf6, 0x7d, 0xba, 0xbc, 0xff, 0xb0, 0x5d, 0xff,
    0xfe, 0xb5, 0x00,

    /* U+0034 "4" */
    0x00, 0x00, 0x00, 0x0d, 0xfd, 0x00, 0x00, 0x00,
    0x00, 0xaf, 0xfd, 0x00, 0x00, 0x00, 0x06, 0xf7,
    0xfd, 0x00, 0x00, 0x00, 0x3f, 0xb0, 0xfd, 0x00,
    0x00, 0x00, 0xde, 0x10, 0xfd, 0x00, 0x00, 0x0a,
    0xf4, 0x00, 0xfd, 0x00, 0x00, 0x6f, 0x80, 0x00,
    0xfd, 0x00, 0x03, 0xfc, 0x00, 0x00, 0xfd, 0x00,
    0x0d, 0xe1, 0x00, 0x00, 0xfd, 0x00, 0x3f, 0xda,
    0xaa, 0xaa, 0xff, 0xa6, 0x3f, 0xff, 0xff, 0xff,
    0xff, 0xfa, 0x00, 0x00, 0x00, 0x00, 0xfd, 0x00,
    0x00, 0x00, 0x00, 0x00, 0xfd, 0x00, 0x00, 0x00,
    0x00, 0x00, 0xfd, 0x00, 0x00, 0x00, 0x00, 0x00,
    0xfd, 0x00,

    /* U+0035 "5" */
    0x01, 0xff, 0xff, 0xff, 0xf1, 0x00, 0x4f, 0xdb,
    0xbb, 0xbb, 0x10, 0x06, 0xf5, 0x00, 0x00, 0x00,
    0x00, 0x9f, 0x10, 0x00, 0x00, 0x00, 0x0b, 0xe1,
    0x21, 0x00, 0x00, 0x00, 0xef, 0xff, 0xfe, 0xa2,
    0x00, 0x09, 0x75, 0x57, 0xcf, 0xf2, 0x00, 0x00,
    0x00, 0x00, 0x8f, 0xb0, 0x00, 0x00, 0x00, 0x00,
    0xff, 0x00, 0x00, 0x00, 0x00, 0x0d, 0xf1, 0x00,
    0x00, 0x00, 0x00, 0xdf, 0x00, 0x00, 0x00, 0x00,
    0x2f, 0xe0, 0x00, 0x00, 0x00, 0x2d, 0xf7, 0x01,
    0xeb, 0xaa, 0xcf, 0xfb, 0x00, 0x1c, 0xef, 0xfe,
    0xb5, 0x00, 0x00,

    /* U+0036 "6" */
    0x00, 0x00, 0x38, 0xde, 0x60, 0x00, 0x00, 0x9f,
    0xfe, 0xb4, 0x00, 0x00, 0xbf, 0xb3, 0x00, 0x00,
    0x00, 0x6f, 0x80, 0x00, 0x00, 0x00, 0x0e, 0xd0,
    0x00, 0x00, 0x00, 0x04, 0xf7, 0x7d, 0xfe, 0xb3,
    0x00, 0x7f, 0xfe, 0xa8, 0xaf, 0xf4, 0x0a, 0xfd,
    0x10, 0x00, 0x4f, 0xd0, 0xbf, 0x50, 0x00, 0x00,
    0xbf, 0x2b, 0xf2, 0x00, 0x00, 0x09, 0xf4, 0xaf,
    0x40, 0x00, 0x00, 0x9f, 0x37, 0xf7, 0x00, 0x00,
    0x0c, 0xf1, 0x2f, 0xe3, 0x00, 0x07, 0xfb, 0x00,
    0x7f, 0xfc, 0xad, 0xfe, 0x20, 0x00, 0x4b, 0xff,
    0xe9, 0x10, 0x00,

    /* U+0037 "7" */
    0xdf, 0xff, 0xff, 0xff, 0xff, 0x49, 0xbb, 0xbb,
    0xbb, 0xbd, 0xf4, 0x00, 0x00, 0x00, 0x00, 0xde,
    0x00, 0x00, 0x00, 0x00, 0x5f, 0x80, 0x00, 0x00,
    0x00, 0x0d, 0xf1, 0x00, 0x00, 0x00, 0x05, 0xf8,
    0x00, 0x00, 0x00, 0x00, 0xdf, 0x10, 0x00, 0x00,
    0x00, 0x5f, 0x90, 0x00, 0x00, 0x00, 0x0c, 0xf2,
    0x00, 0x00, 0x00, 0x04, 0xfa, 0x00, 0x00, 0x00,
    0x00, 0xcf, 0x20, 0x00, 0x00, 0x00, 0x4f, 0xa0,
    0x00, 0x00, 0x00, 0x0c, 0xf3, 0x00, 0x00, 0x00,
    0x04, 0xfb, 0x00, 0x00, 0x00, 0x00, 0xcf, 0x30,
    0x00, 0x00, 0x00,

    /* U+0038 "8" */
    0x00, 0x7c, 0xff, 0xeb, 0x40, 0x00, 0xbf, 0xea,
    0x9b, 0xff, 0x50, 0x3f, 0xc0, 0x00, 0x03, 0xfd,
    0x05, 0xf7, 0x00, 0x00, 0x0d, 0xf0, 0x3f, 0x80,
    0x00, 0x00, 0xed, 0x00, 0xaf, 0x72, 0x24, 0xbf,
    0x50, 0x00, 0x9f, 0xff, 0xff, 0x40, 0x00, 0xaf,
    0xb6, 0x57, 0xdf, 0x50, 0x6f, 0x80, 0x00, 0x00,
    0xdf, 0x1c, 0xf1, 0x00, 0x00, 0x07, 0xf6, 0xef,
    0x00, 0x00, 0x00, 0x5f, 0x8d, 0xf2, 0x00, 0x00,
    0x07, 0xf7, 0x8f, 0xa0, 0x00, 0x02, 0xef, 0x21,
    0xdf, 0xea, 0x9b, 0xff, 0x80, 0x00, 0x7c, 0xff,
    0xeb, 0x50, 0x00,

    /* U+0039 "9" */
    0x00, 0x5b, 0xef, 0xd8, 0x10, 0x00, 0x8f, 0xfb,
    0xad, 0xfd, 0x10, 0x3f, 0xd1, 0x00, 0x08, 0xf9,
    0x09, 0xf5, 0x00, 0x00, 0x0d, 0xf0, 0xbf, 0x20,
    0x00, 0x00, 0xaf, 0x2b, 0xf3, 0x00, 0x00, 0x0a,
    0xf4, 0x8f, 0x70, 0x00, 0x00, 0xef, 0x31, 0xff,
    0x83, 0x35, 0xdf, 0xf2, 0x03, 0xdf, 0xff, 0xf9,
    0xdf, 0x00, 0x00, 0x24, 0x41, 0x0f, 0xd0, 0x00,
    0x00, 0x00, 0x07, 0xf7, 0x00, 0x00, 0x00, 0x03,
    0xfe, 0x10, 0x00, 0x00, 0x06, 0xff, 0x40, 0x00,
    0x08, 0xcf, 0xfe, 0x40, 0x00, 0x00, 0xde, 0xb6,
    0x00, 0x00, 0x00,

    /* U+003A ":" */
    0x1e, 0xf5, 0x3f, 0xf8, 0x0a, 0xb3, 0x00, 0x00,
    0x00, 0x00, 0x00, 0x00, 0x00, 0x00, 0x00, 0x00,
    0x00, 0x00, 0x0a, 0xb3, 0x3f, 0xf8, 0x1e, 0xf5,

    /* U+003B ";" */
    0x01, 0xef, 0x50, 0x3f, 0xf8, 0x00, 0xab, 0x30,
    0x00, 0x00, 0x00, 0x00, 0x00, 0x00, 0x00, 0x00,
    0x00, 0x00, 0x00, 0x00, 0x00, 0x00, 0x00, 0x07,
    0xe3, 0x00, 0xaf, 0x10, 0x0f, 0xc0, 0x05, 0xf5,
    0x00, 0xdc, 0x00, 0x3b, 0x20, 0x00,

    /* U+003C "<" */
    0x00, 0x00, 0x00, 0x00, 0x00, 0x00, 0x00, 0x00,
    0x00, 0x00, 0x05, 0xc5, 0x00, 0x00, 0x00, 0x28,
    0xef, 0xf4, 0x00, 0x00, 0x5b, 0xff, 0xe7, 0x10,
    0x02, 0x8e, 0xff, 0xb4, 0x00, 0x00, 0x3f, 0xfe,
    0x81, 0x00, 0x00, 0x00, 0x3f, 0xb1, 0x00, 0x00,
    0x00, 0x00, 0x2f, 0xff, 0x93, 0x00, 0x00, 0x00,
    0x01, 0x6d, 0xff, 0xc6, 0x00, 0x00, 0x00, 0x00,
    0x3a, 0xff, 0xf9, 0x30, 0x00, 0x00, 0x00, 0x17,
    0xdf, 0xf5, 0x00, 0x00, 0x00, 0x00, 0x04, 0xa5,
    0x00, 0x00, 0x00, 0x00, 0x00, 0x00,

    /* U+003D "=" */
    0x3f, 0xff, 0xff, 0xff, 0xff, 0xf6, 0x3d, 0xdd,
    0xdd, 0xdd, 0xdd, 0xd5, 0x00, 0x00, 0x00, 0x00,
    0x00, 0x00, 0x00, 0x00, 0x00, 0x00, 0x00, 0x00,
    0x00, 0x00, 0x00, 0x00, 0x00, 0x00, 0x3d, 0xdd,
    0xdd, 0xdd, 0xdd, 0xd5, 0x3f, 0xff, 0xff, 0xff,
    0xff, 0xf6,

    /* U+003E ">" */
    0x00, 0x00, 0x00, 0x00, 0x00, 0x00, 0x3c, 0x60,
    0x00, 0x00, 0x00, 0x00, 0x2f, 0xff, 0x93, 0x00,
    0x00, 0x00, 0x01, 0x7d, 0xff, 0xc6, 0x00, 0x00,
    0x00, 0x00, 0x3a, 0xff, 0xf9, 0x30, 0x00, 0x00,
    0x00, 0x17, 0xdf, 0xf5, 0x00, 0x00, 0x00, 0x00,
    0x09, 0xf6, 0x00, 0x00, 0x00, 0x28, 0xef, 0xf4,
    0x00, 0x00, 0x5b, 0xff, 0xe7, 0x10, 0x02, 0x8e,
    0xff, 0xb4, 0x00, 0x00, 0x3f, 0xfe, 0x81, 0x00,
    0x00, 0x00, 0x3b, 0x50, 0x00, 0x00, 0x00, 0x00,
    0x00, 0x00, 0x00, 0x00, 0x00, 0x00,

    /* U+003F "?" */
    0x0a, 0xdf, 0xfe, 0xc6, 0x01, 0xfd, 0xcc, 0xef,
    0xf7, 0x01, 0x00, 0x00, 0x7f, 0xd0, 0x00, 0x00,
    0x01, 0xff, 0x00, 0x00, 0x00, 0x1f, 0xf0, 0x00,
    0x00, 0x08, 0xfa, 0x00, 0x00, 0x08, 0xfe, 0x20,
    0x00, 0x0a, 0xfc, 0x20, 0x00, 0x06, 0xfb, 0x00,
    0x00, 0x00, 0xaf, 0x20, 0x00, 0x00, 0x06, 0x90,
    0x00, 0x00, 0x00, 0x00, 0x00, 0x00, 0x00, 0x09,
    0xb3, 0x00, 0x00, 0x02, 0xff, 0x90, 0x00, 0x00,
    0x0e, 0xf6, 0x00, 0x00,

    /* U+0040 "@" */
    0x00, 0x00, 0x01, 0x7b, 0xef, 0xfd, 0x94, 0x00,
    0x00, 0x00, 0x00, 0x8f, 0xfc, 0x98, 0x8b, 0xff,
    0xb1, 0x00, 0x00, 0x1c, 0xfa, 0x20, 0x00, 0x00,
    0x19, 0xfc, 0x00, 0x00, 0xbf, 0x60, 0x00, 0x00,
    0x00, 0x00, 0x8f, 0x70, 0x07, 0xf7, 0x00, 0x00,
    0x01, 0x00, 0x10, 0x0e, 0xe0, 0x0e, 0xd0, 0x00,
    0x3c, 0xff, 0xc9, 0xf1, 0x09, 0xf2, 0x4f, 0x70,
    0x04, 0xfe, 0x65, 0xcf, 0xe0, 0x07, 0xf3, 0x9f,
    0x20, 0x0d, 0xe2, 0x00, 0x3f, 0xa0, 0x07, 0xf3,
    0xaf, 0x00, 0x3f, 0x80, 0x00, 0x2f, 0x70, 0x08,
    0xf2, 0xbf, 0x00, 0x6f, 0x50, 0x00, 0x5f, 0x40,
    0x0b, 0xf0, 0xaf, 0x00, 0x7f, 0x40, 0x00, 0xcf,
    0x20, 0x1f, 0xa0, 0x8f, 0x30, 0x3f, 0xb3, 0x3a,
    0xff, 0x82, 0xbf, 0x20, 0x4f, 0x80, 0x08, 0xff,
    0xfe, 0x5a, 0xff, 0xe4, 0x00, 0x0d, 0xe1, 0x00,
    0x14, 0x30, 0x00, 0x34, 0x00, 0x00, 0x04, 0xfd,
    0x20, 0x00, 0x00, 0x00, 0x00, 0x00, 0x00, 0x00,
    0x5f, 0xf9, 0x41, 0x00, 0x12, 0x58, 0x00, 0x00,
    0x00, 0x02, 0xaf, 0xff, 0xff, 0xff, 0xfd, 0x00,
    0x00, 0x00, 0x00, 0x00, 0x46, 0x77, 0x65, 0x10,
    0x00, 0x00,

    /* U+0041 "A" */
    0x00, 0x00, 0x02, 0xff, 0xd0, 0x00, 0x00, 0x00,
    0x00, 0x00, 0x8f, 0xff, 0x30, 0x00, 0x00, 0x00,
    0x00, 0x0e, 0xf5, 0xfa, 0x00, 0x00, 0x00, 0x00,
    0x05, 0xf9, 0x0e, 0xf0, 0x00, 0x00, 0x00, 0x00,
    0xbf, 0x30, 0x9f, 0x60, 0x00, 0x00, 0x00, 0x1f,
    0xd0, 0x03, 0xfc, 0x00, 0x00, 0x00, 0x07, 0xf8,
    0x00, 0x0d, 0xf2, 0x00, 0x00, 0x00, 0xdf, 0x20,
    0x00, 0x7f, 0x80, 0x00, 0x00, 0x4f, 0xc0, 0x00,
    0x02, 0xfe, 0x00, 0x00, 0x0a, 0xff, 0xff, 0xff,
    0xff, 0xf5, 0x00, 0x01, 0xff, 0xcc, 0xcc, 0xcc,
    0xdf, 0xb0, 0x00, 0x6f, 0xa0, 0x00, 0x00, 0x00,
    0xff, 0x10, 0x0c, 0xf3, 0x00, 0x00, 0x00, 0x0a,
    0xf7, 0x03, 0xfd, 0x00, 0x00, 0x00, 0x00, 0x3f,
    0xd0, 0x9f, 0x70, 0x00, 0x00, 0x00, 0x00, 0xdf,
    0x30,

    /* U+0042 "B" */
    0xff, 0xff, 0xff, 0xd8, 0x10, 0x0f, 0xfa, 0xab,
    0xcf, 0xfd, 0x00, 0xff, 0x00, 0x00, 0x1c, 0xf5,
    0x0f, 0xf0, 0x00, 0x00, 0x7f, 0x70, 0xff, 0x00,
    0x00, 0x07, 0xf7, 0x0f, 0xf0, 0x00, 0x00, 0xcf,
    0x30, 0xff, 0x88, 0x9a, 0xee, 0x60, 0x0f, 0xff,
    0xff, 0xff, 0xd6, 0x00, 0xff, 0x00, 0x01, 0x5d,
    0xf7, 0x0f, 0xf0, 0x00, 0x00, 0x2f, 0xe0, 0xff,
    0x00, 0x00, 0x00, 0xff, 0x0f, 0xf0, 0x00, 0x00,
    0x0f, 0xf0, 0xff, 0x00, 0x00, 0x07, 0xfc, 0x0f,
    0xfb, 0xbb, 0xbe, 0xff, 0x40, 0xff, 0xff, 0xff,
    0xea, 0x30, 0x00,

    /* U+0043 "C" */
    0x00, 0x01, 0x7c, 0xef, 0xfe, 0xa0, 0x00, 0x4f,
    0xff, 0xdc, 0xce, 0xf1, 0x02, 0xff, 0x81, 0x00,
    0x00, 0x10, 0x0b, 0xf9, 0x00, 0x00, 0x00, 0x00,
    0x0f, 0xf1, 0x00, 0x00, 0x00, 0x00, 0x4f, 0xd0,
    0x00, 0x00, 0x00, 0x00, 0x5f, 0xb0, 0x00, 0x00,
    0x00, 0x00, 0x6f, 0xa0, 0x00, 0x00, 0x00, 0x00,
    0x5f, 0xb0, 0x00, 0x00, 0x00, 0x00, 0x4f, 0xc0,
    0x00, 0x00, 0x00, 0x00, 0x1f, 0xf0, 0x00, 0x00,
    0x00, 0x00, 0x0c, 0xf7, 0x00, 0x00, 0x00, 0x00,
    0x05, 0xff, 0x70, 0x00, 0x00, 0x21, 0x00, 0x7f,
    0xff, 0xdc, 0xde, 0xf3, 0x00, 0x03, 0x9d, 0xff,
    0xed, 0x91,

    /* U+0044 "D" */
    0xff, 0xff, 0xff, 0xda, 0x50, 0x00, 0xff, 0xbb,
    0xbd, 0xff, 0xfb, 0x00, 0xff, 0x00, 0x00, 0x05,
    0xef, 0xa0, 0xff, 0x00, 0x00, 0x00, 0x3f, 0xf2,
    0xff, 0x00, 0x00, 0x00, 0x0b, 0xf7, 0xff, 0x00,
    0x00, 0x00, 0x07, 0xfa, 0xff, 0x00, 0x00, 0x00,
    0x05, 0xfb, 0xff, 0x00, 0x00, 0x00, 0x04, 0xfc,
    0xff, 0x00, 0x00, 0x00, 0x05, 0xfb, 0xff, 0x00,
    0x00, 0x00, 0x07, 0xfa, 0xff, 0x00, 0x00, 0x00,
    0x0b, 0xf6, 0xff, 0x00, 0x00, 0x00, 0x4f, 0xf1,
    0xff, 0x00, 0x00, 0x06, 0xff, 0x80, 0xff, 0xbb,
    0xbc, 0xff, 0xf9, 0x00, 0xff, 0xff, 0xff, 0xd9,
    0x30, 0x00,

    /* U+0045 "E" */
    0xff, 0xff, 0xff, 0xff, 0x80, 0xff, 0xcc, 0xcc,
    0xcc, 0x60, 0xff, 0x00, 0x00, 0x00, 0x00, 0xff,
    0x00, 0x00, 0x00, 0x00, 0xff, 0x00, 0x00, 0x00,
    0x00, 0xff, 0x00, 0x00, 0x00, 0x00, 0xff, 0xaa,
    0xaa, 0xaa, 0x00, 0xff, 0xff, 0xff, 0xff, 0x10,
    0xff, 0x00, 0x00, 0x00, 0x00, 0xff, 0x00, 0x00,
    0x00, 0x00, 0xff, 0x00, 0x00, 0x00, 0x00, 0xff,
    0x00, 0x00, 0x00, 0x00, 0xff, 0x00, 0x00, 0x00,
    0x00, 0xff, 0xcc, 0xcc, 0xcc, 0xc0, 0xff, 0xff,
    0xff, 0xff, 0xf1,

    /* U+0046 "F" */
    0xff, 0xff, 0xff, 0xff, 0x8f, 0xfc, 0xcc, 0xcc,
    0xc6, 0xff, 0x00, 0x00, 0x00, 0x0f, 0xf0, 0x00,
    0x00, 0x00, 0xff, 0x00, 0x00, 0x00, 0x0f, 0xf0,
    0x00, 0x00, 0x00, 0xff, 0xbb, 0xbb, 0xbb, 0x0f,
    0xff, 0xff, 0xff, 0xf1, 0xff, 0x00, 0x00, 0x00,
    0x0f, 0xf0, 0x00, 0x00, 0x00, 0xff, 0x00, 0x00,
    0x00, 0x0f, 0xf0, 0x00, 0x00, 0x00, 0xff, 0x00,
    0x00, 0x00, 0x0f, 0xf0, 0x00, 0x00, 0x00, 0xff,
    0x00, 0x00, 0x00, 0x00,

    /* U+0047 "G" */
    0x00, 0x01, 0x7b, 0xef, 0xfe, 0xc8, 0x00, 0x04,
    0xef, 0xfd, 0xcc, 0xde, 0xf0, 0x02, 0xff, 0x91,
    0x00, 0x00, 0x02, 0x00, 0xbf, 0x90, 0x00, 0x00,
    0x00, 0x00, 0x0f, 0xf1, 0x00, 0x00, 0x00, 0x00,
    0x04, 0xfd, 0x00, 0x00, 0x00, 0x00, 0x00, 0x5f,
    0xb0, 0x00, 0x06, 0xaa, 0xaa, 0x36, 0xfa, 0x00,
    0x00, 0xaf, 0xff, 0xf5, 0x5f, 0xb0, 0x00, 0x00,
    0x00, 0x9f, 0x54, 0xfc, 0x00, 0x00, 0x00, 0x09,
    0xf5, 0x1f, 0xf0, 0x00, 0x00, 0x00, 0x9f, 0x50,
    0xcf, 0x70, 0x00, 0x00, 0x09, 0xf5, 0x04, 0xff,
    0x60, 0x00, 0x00, 0x9f, 0x50, 0x07, 0xff, 0xfc,
    0xbb, 0xdf, 0xf5, 0x00, 0x03, 0x9d, 0xff, 0xfe,
    0xc9, 0x20,

    /* U+0048 "H" */
    0xff, 0x00, 0x00, 0x00, 0x07, 0xf8, 0xff, 0x00,
    0x00, 0x00, 0x07, 0xf8, 0xff, 0x00, 0x00, 0x00,
    0x07, 0xf8, 0xff, 0x00, 0x00, 0x00, 0x07, 0xf8,
    0xff, 0x00, 0x00, 0x00, 0x07, 0xf8, 0xff, 0x00,
    0x00, 0x00, 0x07, 0xf8, 0xff, 0xff, 0xff, 0xff,
    0xff, 0xf8, 0xff, 0xaa, 0xaa, 0xaa, 0xac, 0xf8,
    0xff, 0x00, 0x00, 0x00, 0x07, 0xf8, 0xff, 0x00,
    0x00, 0x00, 0x07, 0xf8, 0xff, 0x00, 0x00, 0x00,
    0x07, 0xf8, 0xff, 0x00, 0x00, 0x00, 0x07, 0xf8,
    0xff, 0x00, 0x00, 0x00, 0x07, 0xf8, 0xff, 0x00,
    0x00, 0x00, 0x07, 0xf8, 0xff, 0x00, 0x00, 0x00,
    0x07, 0xf8,

    /* U+0049 "I" */
    0xff, 0xff, 0xff, 0xff, 0xff, 0xff, 0xff, 0xff,
    0xff, 0xff, 0xff, 0xff, 0xff, 0xff, 0xff,

    /* U+004A "J" */
    0x00, 0x00, 0xff, 0x00, 0x00, 0x0f, 0xf0, 0x00,
    0x00, 0xff, 0x00, 0x00, 0x0f, 0xf0, 0x00, 0x00,
    0xff, 0x00, 0x00, 0x0f, 0xf0, 0x00, 0x00, 0xff,
    0x00, 0x00, 0x0f, 0xf0, 0x00, 0x00, 0xff, 0x00,
    0x00, 0x0f, 0xf0, 0x00, 0x00, 0xff, 0x00, 0x00,
    0x0f, 0xf0, 0x00, 0x00, 0xff, 0x00, 0x00, 0x0f,
    0xf0, 0x00, 0x00, 0xff, 0x00, 0x00, 0x1f, 0xf0,
    0x00, 0x08, 0xfb, 0x08, 0xbd, 0xff, 0x40, 0x9f,
    0xfc, 0x40, 0x00,

    /* U+004B "K" */
    0xff, 0x00, 0x00, 0x01, 0xef, 0x70, 0xff, 0x00,
    0x00, 0x0c, 0xf8, 0x00, 0xff, 0x00, 0x00, 0xbf,
    0xa0, 0x00, 0xff, 0x00, 0x09, 0xfb, 0x00, 0x00,
    0xff, 0x00, 0x6f, 0xd0, 0x00, 0x00, 0xff, 0x04,
    0xfe, 0x10, 0x00, 0x00, 0xff, 0xbf, 0xe2, 0x00,
    0x00, 0x00, 0xff, 0xff, 0xe1, 0x00, 0x00, 0x00,
    0xff, 0x08, 0xfc, 0x00, 0x00, 0x00, 0xff, 0x00,
    0xbf, 0xa0, 0x00, 0x00, 0xff, 0x00, 0x1e, 0xf7,
    0x00, 0x00, 0xff, 0x00, 0x03, 0xff, 0x40, 0x00,
    0xff, 0x00, 0x00, 0x6f, 0xe2, 0x00, 0xff, 0x00,
    0x00, 0x0a, 0xfd, 0x00, 0xff, 0x00, 0x00, 0x00,
    0xdf, 0xa0,

    /* U+004C "L" */
    0xff, 0x00, 0x00, 0x00, 0x0f, 0xf0, 0x00, 0x00,
    0x00, 0xff, 0x00, 0x00, 0x00, 0x0f, 0xf0, 0x00,
    0x00, 0x00, 0xff, 0x00, 0x00, 0x00, 0x0f, 0xf0,
    0x00, 0x00, 0x00, 0xff, 0x00, 0x00, 0x00, 0x0f,
    0xf0, 0x00, 0x00, 0x00, 0xff, 0x00, 0x00, 0x00,
    0x0f, 0xf0, 0x00, 0x00, 0x00, 0xff, 0x00, 0x00,
    0x00, 0x0f, 0xf0, 0x00, 0x00, 0x00, 0xff, 0x00,
    0x00, 0x00, 0x0f, 0xfc, 0xcc, 0xcc, 0xc7, 0xff,
    0xff, 0xff, 0xff, 0xa0,

    /* U+004D "M" */
    0xff, 0xf6, 0x00, 0x00, 0x00, 0x1f, 0xff, 0x3f,
    0xff, 0xc0, 0x00, 0x00, 0x07, 0xff, 0xf3, 0xff,
    0xbf, 0x30, 0x00, 0x00, 0xee, 0xcf, 0x3f, 0xf4,
    0xf9, 0x00, 0x00, 0x4f, 0x8c, 0xf3, 0xff, 0x0d,
    0xf0, 0x00, 0x0b, 0xf1, 0xcf, 0x3f, 0xf0, 0x7f,
    0x60, 0x01, 0xfb, 0x0c, 0xf3, 0xff, 0x01, 0xfd,
    0x00, 0x8f, 0x40, 0xcf, 0x3f, 0xf0, 0x0a, 0xf3,
    0x0e, 0xd0, 0x0c, 0xf3, 0xff, 0x00, 0x3f, 0xa5,
    0xf7, 0x00, 0xcf, 0x3f, 0xf0, 0x00, 0xdf, 0xcf,
    0x10, 0x0c, 0xf3, 0xff, 0x00, 0x06, 0xff, 0xa0,
    0x00, 0xcf, 0x3f, 0xf0, 0x00, 0x09, 0x93, 0x00,
    0x0c, 0xf3, 0xff, 0x00, 0x00, 0x00, 0x00, 0x00,
    0xcf, 0x3f, 0xf0, 0x00, 0x00, 0x00, 0x00, 0x0c,
    0xf3, 0xff, 0x00, 0x00, 0x00, 0x00, 0x00, 0xcf,
    0x30,

    /* U+004E "N" */
    0xff, 0xf6, 0x00, 0x00, 0x00, 0xcf, 0x3f, 0xff,
    0xe0, 0x00, 0x00, 0x0c, 0xf3, 0xff, 0x8f, 0x80,
    0x00, 0x00, 0xcf, 0x3f, 0xf0, 0xef, 0x10, 0x00,
    0x0c, 0xf3, 0xff, 0x06, 0xfa, 0x00, 0x00, 0xcf,
    0x3f, 0xf0, 0x0c, 0xf3, 0x00, 0x0c, 0xf3, 0xff,
    0x00, 0x3f, 0xc0, 0x00, 0xcf, 0x3f, 0xf0, 0x00,
    0xaf, 0x40, 0x0c, 0xf3, 0xff, 0x00, 0x02, 0xfd,
    0x00, 0xcf, 0x3f, 0xf0, 0x00, 0x08, 0xf6, 0x0c,
    0xf3, 0xff, 0x00, 0x00, 0x0e, 0xe1, 0xcf, 0x3f,
    0xf0, 0x00, 0x00, 0x6f, 0x8c, 0xf3, 0xff, 0x00,
    0x00, 0x00, 0xdf, 0xef, 0x3f, 0xf0, 0x00, 0x00,
    0x04, 0xff, 0xf3, 0xff, 0x00, 0x00, 0x00, 0x0b,
    0xff, 0x30,

    /* U+004F "O" */
    0x00, 0x04, 0xad, 0xff, 0xeb, 0x60, 0x00, 0x00,
    0x9f, 0xfd, 0xbb, 0xcf, 0xfd, 0x10, 0x06, 0xfe,
    0x40, 0x00, 0x01, 0xbf, 0xb0, 0x0d, 0xf5, 0x00,
    0x00, 0x00, 0x0e, 0xf2, 0x2f, 0xf0, 0x00, 0x00,
    0x00, 0x09, 0xf6, 0x4f, 0xc0, 0x00, 0x00, 0x00,
    0x06, 0xf9, 0x5f, 0xb0, 0x00, 0x00, 0x00, 0x05,
    0xfa, 0x6f, 0xa0, 0x00, 0x00, 0x00, 0x05, 0xfb,
    0x5f, 0xb0, 0x00, 0x00, 0x00, 0x05, 0xfa, 0x4f,
    0xc0, 0x00, 0x00, 0x00, 0x06, 0xf9, 0x2f, 0xe0,
    0x00, 0x00, 0x00, 0x09, 0xf7, 0x0d, 0xf4, 0x00,
    0x00, 0x00, 0x0e, 0xf2, 0x06, 0xfe, 0x30, 0x00,
    0x01, 0xbf, 0xb0, 0x00, 0xaf, 0xfd, 0xbb, 0xcf,
    0xfd, 0x10, 0x00, 0x04, 0xae, 0xff, 0xec, 0x70,
    0x00,

    /* U+0050 "P" */
    0xff, 0xff, 0xfe, 0xc8, 0x10, 0xff, 0xbb, 0xbc,
    0xff, 0xd1, 0xff, 0x00, 0x00, 0x1d, 0xf8, 0xff,
    0x00, 0x00, 0x05, 0xfc, 0xff, 0x00, 0x00, 0x03,
    0xfd, 0xff, 0x00, 0x00, 0x03, 0xfc, 0xff, 0x00,
    0x00, 0x07, 0xfa, 0xff, 0x00, 0x01, 0x6f, 0xf4,
    0xff, 0xff, 0xff, 0xff, 0x70, 0xff, 0xaa, 0x98,
    0x61, 0x00, 0xff, 0x00, 0x00, 0x00, 0x00, 0xff,
    0x00, 0x00, 0x00, 0x00, 0xff, 0x00, 0x00, 0x00,
    0x00, 0xff, 0x00, 0x00, 0x00, 0x00, 0xff, 0x00,
    0x00, 0x00, 0x00,

    /* U+0051 "Q" */
    0x00, 0x04, 0xad, 0xff, 0xeb, 0x60, 0x00, 0x00,
    0x9f, 0xfd, 0xbb, 0xcf, 0xfd, 0x10, 0x06, 0xfe,
    0x40, 0x00, 0x01, 0xbf, 0xb0, 0x0d, 0xf5, 0x00,
    0x00, 0x00, 0x0e, 0xf2, 0x2f, 0xf0, 0x00, 0x00,
    0x00, 0x09, 0xf6, 0x4f, 0xc0, 0x00, 0x00, 0x00,
    0x06, 0xf9, 0x5f, 0xb0, 0x00, 0x00, 0x00, 0x05,
    0xfa, 0x6f, 0xa0, 0x00, 0x00, 0x00, 0x05, 0xfb,
    0x5f, 0xb0, 0x00, 0x00, 0x00, 0x05, 0xfb, 0x4f,
    0xc0, 0x00, 0x00, 0x00, 0x06, 0xf9, 0x2f, 0xe0,
    0x00, 0x00, 0x00, 0x09, 0xf7, 0x0d, 0xf4, 0x00,
    0x00, 0x00, 0x0e, 0xf3, 0x06, 0xfe, 0x30, 0x00,
    0x01, 0xbf, 0xb0, 0x00, 0xaf, 0xfd, 0xbb, 0xcf,
    0xfd, 0x10, 0x00, 0x04, 0xae, 0xff, 0xfc, 0x70,
    0x00, 0x00, 0x00, 0x00, 0x06, 0xfc, 0x00, 0x00,
    0x00, 0x00, 0x00, 0x00, 0xaf, 0x90, 0x00, 0x00,
    0x00, 0x00, 0x00, 0x1e, 0xf5, 0x00,

    /* U+0052 "R" */
    0xff, 0xff, 0xfe, 0xc7, 0x00, 0x00, 0xff, 0xbb,
    0xbd, 0xff, 0xd0, 0x00, 0xff, 0x00, 0x00, 0x1d,
    0xf6, 0x00, 0xff, 0x00, 0x00, 0x06, 0xfa, 0x00,
    0xff, 0x00, 0x00, 0x04, 0xfb, 0x00, 0xff, 0x00,
    0x00, 0x06, 0xf9, 0x00, 0xff, 0x00, 0x00, 0x1d,
    0xf5, 0x00, 0xff, 0xaa, 0xab, 0xff, 0xc0, 0x00,
    0xff, 0xff, 0xff, 0xe6, 0x00, 0x00, 0xff, 0x00,
    0x1e, 0xf2, 0x00, 0x00, 0xff, 0x00, 0x04, 0xfd,
    0x00, 0x00, 0xff, 0x00, 0x00, 0x9f, 0x90, 0x00,
    0xff, 0x00, 0x00, 0x0d, 0xf5, 0x00, 0xff, 0x00,
    0x00, 0x03, 0xff, 0x20, 0xff, 0x00, 0x00, 0x00,
    0x8f, 0xc0,

    /* U+0053 "S" */
    0x00, 0x7c, 0xff, 0xfd, 0xa3, 0x00, 0xcf, 0xfc,
    0xbc, 0xef, 0x60, 0x4f, 0xd1, 0x00, 0x00, 0x11,
    0x07, 0xf7, 0x00, 0x00, 0x00, 0x00, 0x7f, 0x70,
    0x00, 0x00, 0x00, 0x04, 0xfe, 0x30, 0x00, 0x00,
    0x00, 0x0a, 0xff, 0xd9, 0x50, 0x00, 0x00, 0x04,
    0x9e, 0xff, 0xf8, 0x00, 0x00, 0x00, 0x02, 0x6d,
    0xfa, 0x00, 0x00, 0x00, 0x00, 0x1f, 0xf0, 0x00,
    0x00, 0x00, 0x00, 0xcf, 0x20, 0x00, 0x00, 0x00,
    0x0d, 0xf2, 0x30, 0x00, 0x00, 0x07, 0xfe, 0x0c,
    0xfe, 0xcb, 0xce, 0xff, 0x50, 0x6b, 0xdf, 0xff,
    0xda, 0x30, 0x00,

    /* U+0054 "T" */
    0xaf, 0xff, 0xff, 0xff, 0xff, 0xf3, 0x7c, 0xcc,
    0xcf, 0xfc, 0xcc, 0xc2, 0x00, 0x00, 0x3f, 0xc0,
    0x00, 0x00, 0x00, 0x00, 0x3f, 0xc0, 0x00, 0x00,
    0x00, 0x00, 0x3f, 0xc0, 0x00, 0x00, 0x00, 0x00,
    0x3f, 0xc0, 0x00, 0x00, 0x00, 0x00, 0x3f, 0xc0,
    0x00, 0x00, 0x00, 0x00, 0x3f, 0xc0, 0x00, 0x00,
    0x00, 0x00, 0x3f, 0xc0, 0x00, 0x00, 0x00, 0x00,
    0x3f, 0xc0, 0x00, 0x00, 0x00, 0x00, 0x3f, 0xc0,
    0x00, 0x00, 0x00, 0x00, 0x3f, 0xc0, 0x00, 0x00,
    0x00, 0x00, 0x3f, 0xc0, 0x00, 0x00, 0x00, 0x00,
    0x3f, 0xc0, 0x00, 0x00, 0x00, 0x00, 0x3f, 0xc0,
    0x00, 0x00,

    /* U+0055 "U" */
    0x0f, 0xe0, 0x00, 0x00, 0x00, 0x7f, 0x70, 0xfe,
    0x00, 0x00, 0x00, 0x07, 0xf7, 0x0f, 0xe0, 0x00,
    0x00, 0x00, 0x7f, 0x70, 0xfe, 0x00, 0x00, 0x00,
    0x07, 0xf7, 0x0f, 0xe0, 0x00, 0x00, 0x00, 0x7f,
    0x70, 0xfe, 0x00, 0x00, 0x00, 0x07, 0xf7, 0x0f,
    0xe0, 0x00, 0x00, 0x00, 0x7f, 0x70, 0xfe, 0x00,
    0x00, 0x00, 0x07, 0xf7, 0x0f, 0xe0, 0x00, 0x00,
    0x00, 0x7f, 0x70, 0xfe, 0x00, 0x00, 0x00, 0x07,
    0xf7, 0x0f, 0xf0, 0x00, 0x00, 0x00, 0x8f, 0x70,
    0xef, 0x30, 0x00, 0x00, 0x0b, 0xf5, 0x09, 0xfc,
    0x10, 0x00, 0x06, 0xfe, 0x00, 0x1d, 0xff, 0xcb,
    0xce, 0xff, 0x50, 0x00, 0x07, 0xce, 0xff, 0xd9,
    0x20, 0x00,

    /* U+0056 "V" */
    0x7f, 0xa0, 0x00, 0x00, 0x00, 0x0e, 0xf1, 0x2f,
    0xf0, 0x00, 0x00, 0x00, 0x4f, 0xb0, 0x0c, 0xf4,
    0x00, 0x00, 0x00, 0x9f, 0x50, 0x07, 0xf9, 0x00,
    0x00, 0x00, 0xef, 0x00, 0x01, 0xfe, 0x00, 0x00,
    0x04, 0xfa, 0x00, 0x00, 0xcf, 0x40, 0x00, 0x09,
    0xf5, 0x00, 0x00, 0x6f, 0x90, 0x00, 0x0e, 0xf0,
    0x00, 0x00, 0x1f, 0xe0, 0x00, 0x4f, 0x90, 0x00,
    0x00, 0x0b, 0xf4, 0x00, 0x9f, 0x40, 0x00, 0x00,
    0x06, 0xf9, 0x00, 0xee, 0x00, 0x00, 0x00, 0x00,
    0xfe, 0x04, 0xf9, 0x00, 0x00, 0x00, 0x00, 0xbf,
    0x4a, 0xf3, 0x00, 0x00, 0x00, 0x00, 0x5f, 0xae,
    0xd0, 0x00, 0x00, 0x00, 0x00, 0x0f, 0xff, 0x80,
    0x00, 0x00, 0x00, 0x00, 0x0a, 0xff, 0x20, 0x00,
    0x00,

    /* U+0057 "W" */
    0x4f, 0xc0, 0x00, 0x00, 0x00, 0x00, 0x00, 0x00,
    0x0e, 0xf1, 0x1f, 0xf0, 0x00, 0x00, 0x13, 0x30,
    0x00, 0x00, 0x2f, 0xd0, 0x0d, 0xf3, 0x00, 0x00,
    0x7f, 0xf5, 0x00, 0x00, 0x5f, 0x90, 0x09, 0xf6,
    0x00, 0x00, 0xcf, 0xf9, 0x00, 0x00, 0x9f, 0x50,
    0x05, 0xfa, 0x00, 0x00, 0xfa, 0xee, 0x00, 0x00,
    0xdf, 0x10, 0x01, 0xfd, 0x00, 0x05, 0xf5, 0x9f,
    0x20, 0x00, 0xfd, 0x00, 0x00, 0xef, 0x10, 0x09,
    0xf1, 0x5f, 0x70, 0x04, 0xf9, 0x00, 0x00, 0xaf,
    0x50, 0x0e, 0xc0, 0x1f, 0xb0, 0x07, 0xf5, 0x00,
    0x00, 0x6f, 0x80, 0x2f, 0x70, 0x0c, 0xf0, 0x0b,
    0xf1, 0x00, 0x00, 0x2f, 0xc0, 0x7f, 0x30, 0x07,
    0xf4, 0x0e, 0xe0, 0x00, 0x00, 0x0e, 0xf0, 0xbe,
    0x00, 0x03, 0xf9, 0x2f, 0xa0, 0x00, 0x00, 0x0b,
    0xf4, 0xfa, 0x00, 0x00, 0xed, 0x6f, 0x60, 0x00,
    0x00, 0x07, 0xfc, 0xf5, 0x00, 0x00, 0xaf, 0xcf,
    0x20, 0x00, 0x00, 0x03, 0xff, 0xf1, 0x00, 0x00,
    0x6f, 0xfe, 0x00, 0x00, 0x00, 0x00, 0xff, 0xc0,
    0x00, 0x00, 0x1f, 0xfa, 0x00, 0x00,

    /* U+0058 "X" */
    0x0c, 0xf8, 0x00, 0x00, 0x00, 0x7f, 0xb0, 0x02,
    0xff, 0x20, 0x00, 0x01, 0xfe, 0x10, 0x00, 0x8f,
    0xb0, 0x00, 0x0b, 0xf6, 0x00, 0x00, 0x0d, 0xf4,
    0x00, 0x5f, 0xb0, 0x00, 0x00, 0x04, 0xfd, 0x00,
    0xef, 0x10, 0x00, 0x00, 0x00, 0xaf, 0x79, 0xf6,
    0x00, 0x00, 0x00, 0x00, 0x1e, 0xff, 0xb0, 0x00,
    0x00, 0x00, 0x00, 0x0a, 0xff, 0x70, 0x00, 0x00,
    0x00, 0x00, 0x3f, 0xdf, 0xf1, 0x00, 0x00, 0x00,
    0x00, 0xdf, 0x37, 0xfb, 0x00, 0x00, 0x00, 0x08,
    0xf9, 0x00, 0xdf, 0x50, 0x00, 0x00, 0x3f, 0xe1,
    0x00, 0x3f, 0xe1, 0x00, 0x00, 0xdf, 0x50, 0x00,
    0x0a, 0xf9, 0x00, 0x08, 0xfb, 0x00, 0x00, 0x01,
    0xef, 0x30, 0x3f, 0xf1, 0x00, 0x00, 0x00, 0x6f,
    0xd0,

    /* U+0059 "Y" */
    0x9f, 0xb0, 0x00, 0x00, 0x00, 0x8f, 0x90, 0xef,
    0x50, 0x00, 0x00, 0x2f, 0xe1, 0x04, 0xfe, 0x00,
    0x00, 0x0b, 0xf5, 0x00, 0x0a, 0xf8, 0x00, 0x05,
    0xfb, 0x00, 0x00, 0x1f, 0xf2, 0x00, 0xef, 0x10,
    0x00, 0x00, 0x6f, 0xc0, 0x8f, 0x60, 0x00, 0x00,
    0x00, 0xcf, 0x8f, 0xc0, 0x00, 0x00, 0x00, 0x02,
    0xff, 0xf2, 0x00, 0x00, 0x00, 0x00, 0x09, 0xf9,
    0x00, 0x00, 0x00, 0x00, 0x00, 0x7f, 0x80, 0x00,
    0x00, 0x00, 0x00, 0x07, 0xf8, 0x00, 0x00, 0x00,
    0x00, 0x00, 0x7f, 0x80, 0x00, 0x00, 0x00, 0x00,
    0x07, 0xf8, 0x00, 0x00, 0x00, 0x00, 0x00, 0x7f,
    0x80, 0x00, 0x00, 0x00, 0x00, 0x07, 0xf8, 0x00,
    0x00, 0x00,

    /* U+005A "Z" */
    0x4f, 0xff, 0xff, 0xff, 0xff, 0xf5, 0x3d, 0xdd,
    0xdd, 0xdd, 0xdf, 0xf4, 0x00, 0x00, 0x00, 0x00,
    0x7f, 0xc0, 0x00, 0x00, 0x00, 0x04, 0xfe, 0x10,
    0x00, 0x00, 0x00, 0x2e, 0xf4, 0x00, 0x00, 0x00,
    0x00, 0xcf, 0x70, 0x00, 0x00, 0x00, 0x09, 0xfa,
    0x00, 0x00, 0x00, 0x00, 0x6f, 0xd0, 0x00, 0x00,
    0x00, 0x03, 0xff, 0x20, 0x00, 0x00, 0x00, 0x1e,
    0xf4, 0x00, 0x00, 0x00, 0x00, 0xbf, 0x80, 0x00,
    0x00, 0x00, 0x08, 0xfb, 0x00, 0x00, 0x00, 0x00,
    0x5f, 0xd1, 0x00, 0x00, 0x00, 0x00, 0xbf, 0xed,
    0xdd, 0xdd, 0xdd, 0xda, 0xbf, 0xff, 0xff, 0xff,
    0xff, 0xfd,

    /* U+005B "[" */
    0x7f, 0xff, 0xb7, 0xfc, 0xa7, 0x7f, 0x70, 0x07,
    0xf7, 0x00, 0x7f, 0x70, 0x07, 0xf7, 0x00, 0x7f,
    0x70, 0x07, 0xf7, 0x00, 0x7f, 0x70, 0x07, 0xf7,
    0x00, 0x7f, 0x70, 0x07, 0xf7, 0x00, 0x7f, 0x70,
    0x07, 0xf7, 0x00, 0x7f, 0x70, 0x07, 0xf7, 0x00,
    0x7f, 0x70, 0x07, 0xf7, 0x00, 0x7f, 0xc9, 0x67,
    0xff, 0xfb,

    /* U+005C "\\" */
    0x4f, 0x80, 0x00, 0x00, 0x00, 0x00, 0xde, 0x00,
    0x00, 0x00, 0x00, 0x06, 0xf6, 0x00, 0x00, 0x00,
    0x00, 0x0e, 0xd0, 0x00, 0x00, 0x00, 0x00, 0x8f,
    0x40, 0x00, 0x00, 0x00, 0x01, 0xfb, 0x00, 0x00,
    0x00, 0x00, 0x0a, 0xf2, 0x00, 0x00, 0x00, 0x00,
    0x2f, 0x90, 0x00, 0x00, 0x00, 0x00, 0xbf, 0x10,
    0x00, 0x00, 0x00, 0x04, 0xf7, 0x00, 0x00, 0x00,
    0x00, 0x0d, 0xe0, 0x00, 0x00, 0x00, 0x00, 0x6f,
    0x50, 0x00, 0x00, 0x00, 0x00, 0xec, 0x00, 0x00,
    0x00, 0x00, 0x08, 0xf4, 0x00, 0x00, 0x00, 0x00,
    0x1f, 0xb0, 0x00, 0x00, 0x00, 0x00, 0xaf, 0x20,
    0x00, 0x00, 0x00, 0x03, 0xf9, 0x00, 0x00, 0x00,
    0x00, 0x0c, 0xf1, 0x00, 0x00, 0x00, 0x00, 0x5f,
    0x70,

    /* U+005D "]" */
    0x4f, 0xff, 0xe2, 0xaa, 0xfe, 0x00, 0x0f, 0xe0,
    0x00, 0xfe, 0x00, 0x0f, 0xe0, 0x00, 0xfe, 0x00,
    0x0f, 0xe0, 0x00, 0xfe, 0x00, 0x0f, 0xe0, 0x00,
    0xfe, 0x00, 0x0f, 0xe0, 0x00, 0xfe, 0x00, 0x0f,
    0xe0, 0x00, 0xfe, 0x00, 0x0f, 0xe0, 0x00, 0xfe,
    0x00, 0x0f, 0xe0, 0x00, 0xfe, 0x29, 0x9f, 0xe4,
    0xff, 0xfe,

    /* U+005E "^" */
    0x00, 0x02, 0x88, 0x30, 0x00, 0x00, 0x09, 0xff,
    0xc0, 0x00, 0x00, 0x0f, 0xdb, 0xf2, 0x00, 0x00,
    0x6f, 0x74, 0xf9, 0x00, 0x00, 0xdf, 0x10, 0xef,
    0x00, 0x03, 0xfa, 0x00, 0x7f, 0x60, 0x0a, 0xf3,
    0x00, 0x1f, 0xc0, 0x1f, 0xd0, 0x00, 0x0b, 0xf2,
    0x7f, 0x60, 0x00, 0x04, 0xf9,

    /* U+005F "_" */
    0x88, 0x88, 0x88, 0x88, 0x88, 0x8f, 0xff, 0xff,
    0xff, 0xff, 0xff,

    /* U+0060 "`" */
    0x5f, 0xe1, 0x00, 0x6f, 0x90, 0x00, 0x7f, 0x30,

    /* U+0061 "a" */
    0x00, 0x0e, 0xff, 0xfd, 0x80, 0x00, 0x00, 0xb9,
    0x89, 0xef, 0xd0, 0x00, 0x00, 0x00, 0x00, 0xdf,
    0x40, 0x00, 0x00, 0x00, 0x08, 0xf6, 0x00, 0x00,
    0x00, 0x00, 0x7f, 0x70, 0x29, 0xdf, 0xff, 0xff,
    0xf7, 0x3f, 0xfb, 0x88, 0x88, 0xbf, 0x7a, 0xf7,
    0x00, 0x00, 0x07, 0xf7, 0xcf, 0x30, 0x00, 0x00,
    0x8f, 0x7a, 0xf5, 0x00, 0x00, 0x4f, 0xf7, 0x3f,
    0xe7, 0x67, 0xbf, 0xaf, 0x70, 0x5c, 0xff, 0xea,
    0x24, 0xf7,

    /* U+0062 "b" */
    0xfe, 0x00, 0x00, 0x00, 0x00, 0x0f, 0xe0, 0x00,
    0x00, 0x00, 0x00, 0xfe, 0x00, 0x00, 0x00, 0x00,
    0x0f, 0xe0, 0x00, 0x00, 0x00, 0x00, 0xfe, 0x08,
    0xdf, 0xfc, 0x50, 0x0f, 0xea, 0xfa, 0x9b, 0xff,
    0x80, 0xff, 0xc1, 0x00, 0x03, 0xff, 0x1f, 0xf3,
    0x00, 0x00, 0x0a, 0xf6, 0xff, 0x00, 0x00, 0x00,
    0x6f, 0x8f, 0xd0, 0x00, 0x00, 0x05, 0xf9, 0xfd,
    0x00, 0x00, 0x00, 0x5f, 0x9f, 0xf0, 0x00, 0x00,
    0x07, 0xf8, 0xff, 0x40, 0x00, 0x00, 0xbf, 0x5f,
    0xfd, 0x10, 0x00, 0x4f, 0xf1, 0xfc, 0xbf, 0xb9,
    0xbf, 0xf6, 0x0f, 0xb0, 0x8d, 0xfe, 0xb4, 0x00,

    /* U+0063 "c" */
    0x00, 0x4b, 0xef, 0xfd, 0x90, 0x6f, 0xfc, 0xaa,
    0xce, 0x1f, 0xf3, 0x00, 0x00, 0x06, 0xfa, 0x00,
    0x00, 0x00, 0x9f, 0x60, 0x00, 0x00, 0x0a, 0xf5,
    0x00, 0x00, 0x00, 0xaf, 0x50, 0x00, 0x00, 0x09,
    0xf6, 0x00, 0x00, 0x00, 0x6f, 0xa0, 0x00, 0x00,
    0x01, 0xff, 0x30, 0x00, 0x00, 0x06, 0xff, 0xca,
    0xbc, 0xe0, 0x04, 0xbe, 0xff, 0xda,

    /* U+0064 "d" */
    0x00, 0x00, 0x00, 0x00, 0x0e, 0xf0, 0x00, 0x00,
    0x00, 0x00, 0xef, 0x00, 0x00, 0x00, 0x00, 0x0e,
    0xf0, 0x00, 0x00, 0x00, 0x00, 0xef, 0x00, 0x4b,
    0xef, 0xd8, 0x0e, 0xf0, 0x6f, 0xfb, 0x9a, 0xfa,
    0xef, 0x1f, 0xf3, 0x00, 0x01, 0xdf, 0xf6, 0xfb,
    0x00, 0x00, 0x04, 0xff, 0x8f, 0x70, 0x00, 0x00,
    0x0f, 0xfa, 0xf5, 0x00, 0x00, 0x00, 0xef, 0xaf,
    0x50, 0x00, 0x00, 0x0e, 0xf9, 0xf6, 0x00, 0x00,
    0x00, 0xff, 0x7f, 0xa0, 0x00, 0x00, 0x2f, 0xf2,
    0xff, 0x10, 0x00, 0x0b, 0xff, 0x08, 0xfe, 0x86,
    0x7c, 0xcd, 0xf0, 0x05, 0xcf, 0xfd, 0x80, 0xbf,

    /* U+0065 "e" */
    0x00, 0x4b, 0xef, 0xeb, 0x50, 0x00, 0x7f, 0xfa,
    0x9a, 0xef, 0x60, 0x1f, 0xf2, 0x00, 0x01, 0xef,
    0x06, 0xf9, 0x00, 0x00, 0x09, 0xf4, 0x9f, 0x50,
    0x00, 0x01, 0x8f, 0x6a, 0xfc, 0xcd, 0xef, 0xff,
    0xf6, 0xaf, 0x97, 0x77, 0x77, 0x77, 0x29, 0xf6,
    0x00, 0x00, 0x00, 0x00, 0x6f, 0x90, 0x00, 0x00,
    0x00, 0x01, 0xff, 0x50, 0x00, 0x00, 0x30, 0x06,
    0xff, 0xdb, 0xbc, 0xfc, 0x00, 0x04, 0xbe, 0xff,
    0xeb, 0x50,

    /* U+0066 "f" */
    0x00, 0x04, 0xce, 0xfa, 0x00, 0x2f, 0xfa, 0x86,
    0x00, 0x7f, 0x80, 0x00, 0x00, 0x9f, 0x40, 0x00,
    0x9f, 0xff, 0xff, 0xf1, 0x58, 0xdf, 0xa8, 0x80,
    0x00, 0xaf, 0x40, 0x00, 0x00, 0xaf, 0x40, 0x00,
    0x00, 0xaf, 0x40, 0x00, 0x00, 0xaf, 0x40, 0x00,
    0x00, 0xaf, 0x40, 0x00, 0x00, 0xaf, 0x40, 0x00,
    0x00, 0xaf, 0x40, 0x00, 0x00, 0xaf, 0x40, 0x00,
    0x00, 0xaf, 0x40, 0x00, 0x00, 0xaf, 0x40, 0x00,

    /* U+0067 "g" */
    0x00, 0x5b, 0xef, 0xd7, 0x0e, 0xf0, 0x7f, 0xfb,
    0x9a, 0xf9, 0xef, 0x1f, 0xf3, 0x00, 0x01, 0xcf,
    0xf6, 0xfa, 0x00, 0x00, 0x03, 0xff, 0x8f, 0x60,
    0x00, 0x00, 0x0f, 0xfa, 0xf5, 0x00, 0x00, 0x00,
    0xef, 0xaf, 0x50, 0x00, 0x00, 0x0e, 0xf9, 0xf6,
    0x00, 0x00, 0x00, 0xff, 0x7f, 0xa0, 0x00, 0x00,
    0x3f, 0xf2, 0xff, 0x30, 0x00, 0x0c, 0xff, 0x08,
    0xff, 0xb9, 0xae, 0xbe, 0xf0, 0x05, 0xcf, 0xfd,
    0x80, 0xfe, 0x00, 0x00, 0x00, 0x00, 0x2f, 0xc0,
    0x00, 0x00, 0x00, 0x1c, 0xf6, 0x00, 0x9b, 0xaa,
    0xbf, 0xfa, 0x00, 0x08, 0xef, 0xfe, 0xb5, 0x00,

    /* U+0068 "h" */
    0xfe, 0x00, 0x00, 0x00, 0x00, 0xfe, 0x00, 0x00,
    0x00, 0x00, 0xfe, 0x00, 0x00, 0x00, 0x00, 0xfe,
    0x00, 0x00, 0x00, 0x00, 0xfe, 0x19, 0xdf, 0xfb,
    0x30, 0xfe, 0xcf, 0xcb, 0xdf, 0xf2, 0xff, 0xc1,
    0x00, 0x0a, 0xf8, 0xff, 0x20, 0x00, 0x04, 0xfa,
    0xfe, 0x00, 0x00, 0x03, 0xfb, 0xfe, 0x00, 0x00,
    0x03, 0xfb, 0xfe, 0x00, 0x00, 0x03, 0xfb, 0xfe,
    0x00, 0x00, 0x03, 0xfb, 0xfe, 0x00, 0x00, 0x03,
    0xfb, 0xfe, 0x00, 0x00, 0x03, 0xfb, 0xfe, 0x00,
    0x00, 0x03, 0xfb, 0xfe, 0x00, 0x00, 0x03, 0xfb,

    /* U+0069 "i" */
    0x1e, 0xe0, 0x1f, 0xf0, 0x02, 0x20, 0x00, 0x00,
    0x0f, 0xe0, 0x0f, 0xe0, 0x0f, 0xe0, 0x0f, 0xe0,
    0x0f, 0xe0, 0x0f, 0xe0, 0x0f, 0xe0, 0x0f, 0xe0,
    0x0f, 0xe0, 0x0f, 0xe0, 0x0f, 0xe0, 0x0f, 0xe0,

    /* U+006A "j" */
    0x00, 0x01, 0xee, 0x00, 0x00, 0x1f, 0xf0, 0x00,
    0x00, 0x22, 0x00, 0x00, 0x00, 0x00, 0x00, 0x00,
    0xfe, 0x00, 0x00, 0x0f, 0xe0, 0x00, 0x00, 0xfe,
    0x00, 0x00, 0x0f, 0xe0, 0x00, 0x00, 0xfe, 0x00,
    0x00, 0x0f, 0xe0, 0x00, 0x00, 0xfe, 0x00, 0x00,
    0x0f, 0xe0, 0x00, 0x00, 0xfe, 0x00, 0x00, 0x0f,
    0xe0, 0x00, 0x00, 0xfe, 0x00, 0x00, 0x0f, 0xe0,
    0x00, 0x00, 0xfd, 0x00, 0x00, 0x4f, 0xb0, 0x59,
    0x9f, 0xf5, 0x08, 0xff, 0xd6, 0x00,

    /* U+006B "k" */
    0xfe, 0x00, 0x00, 0x00, 0x00, 0xfe, 0x00, 0x00,
    0x00, 0x00, 0xfe, 0x00, 0x00, 0x00, 0x00, 0xfe,
    0x00, 0x00, 0x00, 0x00, 0xfe, 0x00, 0x00, 0xbf,
    0x90, 0xfe, 0x00, 0x09, 0xfa, 0x00, 0xfe, 0x00,
    0x6f, 0xc0, 0x00, 0xfe, 0x04, 0xfd, 0x00, 0x00,
    0xfe, 0x3f, 0xd1, 0x00, 0x00, 0xff, 0xff, 0x40,
    0x00, 0x00, 0xfe, 0x7f, 0xc0, 0x00, 0x00, 0xfe,
    0x09, 0xfa, 0x00, 0x00, 0xfe, 0x00, 0xcf, 0x70,
    0x00, 0xfe, 0x00, 0x1e, 0xf4, 0x00, 0xfe, 0x00,
    0x04, 0xff, 0x20, 0xfe, 0x00, 0x00, 0x8f, 0xd0,

    /* U+006C "l" */
    0xfe, 0x00, 0xfe, 0x00, 0xfe, 0x00, 0xfe, 0x00,
    0xfe, 0x00, 0xfe, 0x00, 0xfe, 0x00, 0xfe, 0x00,
    0xfe, 0x00, 0xfe, 0x00, 0xfe, 0x00, 0xfe, 0x00,
    0xfe, 0x00, 0xfe, 0x00, 0xdf, 0xb8, 0x3d, 0xfd,

    /* U+006D "m" */
    0xfe, 0x2a, 0xef, 0xd7, 0x01, 0xae, 0xfe, 0x90,
    0x0f, 0xed, 0xeb, 0xcf, 0xf9, 0xdf, 0xbb, 0xef,
    0xb0, 0xff, 0xa0, 0x00, 0x4f, 0xfc, 0x10, 0x01,
    0xef, 0x2f, 0xf1, 0x00, 0x00, 0xef, 0x30, 0x00,
    0x0a, 0xf5, 0xfe, 0x00, 0x00, 0x0c, 0xf1, 0x00,
    0x00, 0x8f, 0x6f, 0xe0, 0x00, 0x00, 0xcf, 0x10,
    0x00, 0x08, 0xf6, 0xfe, 0x00, 0x00, 0x0c, 0xf1,
    0x00, 0x00, 0x8f, 0x6f, 0xe0, 0x00, 0x00, 0xcf,
    0x10, 0x00, 0x08, 0xf6, 0xfe, 0x00, 0x00, 0x0c,
    0xf1, 0x00, 0x00, 0x8f, 0x6f, 0xe0, 0x00, 0x00,
    0xcf, 0x10, 0x00, 0x08, 0xf6, 0xfe, 0x00, 0x00,
    0x0c, 0xf1, 0x00, 0x00, 0x8f, 0x6f, 0xe0, 0x00,
    0x00, 0xcf, 0x10, 0x00, 0x08, 0xf6,

    /* U+006E "n" */
    0xfe, 0x19, 0xdf, 0xfb, 0x30, 0xfe, 0xcf, 0xcb,
    0xdf, 0xf2, 0xff, 0xc1, 0x00, 0x0b, 0xf8, 0xff,
    0x20, 0x00, 0x05, 0xfa, 0xfe, 0x00, 0x00, 0x03,
    0xfb, 0xfe, 0x00, 0x00, 0x03, 0xfb, 0xfe, 0x00,
    0x00, 0x03, 0xfb, 0xfe, 0x00, 0x00, 0x03, 0xfb,
    0xfe, 0x00, 0x00, 0x03, 0xfb, 0xfe, 0x00, 0x00,
    0x03, 0xfb, 0xfe, 0x00, 0x00, 0x03, 0xfb, 0xfe,
    0x00, 0x00, 0x03, 0xfb,

    /* U+006F "o" */
    0x00, 0x4b, 0xef, 0xfd, 0x91, 0x00, 0x06, 0xff,
    0xb9, 0x9d, 0xfe, 0x10, 0x1f, 0xf3, 0x00, 0x00,
    0x9f, 0xa0, 0x6f, 0x90, 0x00, 0x00, 0x0f, 0xf0,
    0x9f, 0x60, 0x00, 0x00, 0x0d, 0xf2, 0xaf, 0x50,
    0x00, 0x00, 0x0b, 0xf4, 0xaf, 0x50, 0x00, 0x00,
    0x0b, 0xf3, 0x9f, 0x60, 0x00, 0x00, 0x0c, 0xf2,
    0x6f, 0x90, 0x00, 0x00, 0x0f, 0xf0, 0x1f, 0xf3,
    0x00, 0x00, 0x8f, 0xa0, 0x06, 0xff, 0xb9, 0xad,
    0xfe, 0x10, 0x00, 0x4b, 0xef, 0xfd, 0x91, 0x00,

    /* U+0070 "p" */
    0xfe, 0x08, 0xdf, 0xfc, 0x50, 0x0f, 0xea, 0xfa,
    0x9b, 0xff, 0x80, 0xff, 0xc1, 0x00, 0x03, 0xff,
    0x1f, 0xf3, 0x00, 0x00, 0x0a, 0xf6, 0xff, 0x00,
    0x00, 0x00, 0x6f, 0x8f, 0xd0, 0x00, 0x00, 0x05,
    0xf9, 0xfd, 0x00, 0x00, 0x00, 0x5f, 0x9f, 0xf0,
    0x00, 0x00, 0x07, 0xf8, 0xff, 0x40, 0x00, 0x00,
    0xbf, 0x5f, 0xfd, 0x10, 0x00, 0x4f, 0xf1, 0xfe,
    0xbf, 0xb9, 0xbf, 0xf6, 0x0f, 0xe0, 0x8d, 0xfe,
    0xb4, 0x00, 0xfe, 0x00, 0x00, 0x00, 0x00, 0x0f,
    0xe0, 0x00, 0x00, 0x00, 0x00, 0xfe, 0x00, 0x00,
    0x00, 0x00, 0x0f, 0xe0, 0x00, 0x00, 0x00, 0x00,

    /* U+0071 "q" */
    0x00, 0x4b, 0xef, 0xd8, 0x0e, 0xf0, 0x06, 0xff,
    0xb9, 0xaf, 0xae, 0xf0, 0x1f, 0xf3, 0x00, 0x01,
    0xdf, 0xf0, 0x6f, 0xa0, 0x00, 0x00, 0x3f, 0xf0,
    0x8f, 0x60, 0x00, 0x00, 0x0f, 0xf0, 0xaf, 0x50,
    0x00, 0x00, 0x0e, 0xf0, 0xaf, 0x50, 0x00, 0x00,
    0x0e, 0xf0, 0x9f, 0x60, 0x00, 0x00, 0x0f, 0xf0,
    0x7f, 0xa0, 0x00, 0x00, 0x3f, 0xf0, 0x2f, 0xf3,
    0x00, 0x01, 0xcf, 0xf0, 0x08, 0xff, 0xb9, 0xbf,
    0xae, 0xf0, 0x00, 0x5c, 0xff, 0xd8, 0x0e, 0xf0,
    0x00, 0x00, 0x00, 0x00, 0x0e, 0xf0, 0x00, 0x00,
    0x00, 0x00, 0x0e, 0xf0, 0x00, 0x00, 0x00, 0x00,
    0x0e, 0xf0, 0x00, 0x00, 0x00, 0x00, 0x0e, 0xf0,

    /* U+0072 "r" */
    0xfe, 0x08, 0xed, 0xfe, 0xae, 0x96, 0xff, 0xc1,
    0x00, 0xff, 0x20, 0x00, 0xfe, 0x00, 0x00, 0xfe,
    0x00, 0x00, 0xfe, 0x00, 0x00, 0xfe, 0x00, 0x00,
    0xfe, 0x00, 0x00, 0xfe, 0x00, 0x00, 0xfe, 0x00,
    0x00, 0xfe, 0x00, 0x00,

    /* U+0073 "s" */
    0x02, 0xae, 0xff, 0xd8, 0x01, 0xef, 0xa8, 0x9b,
    0x90, 0x6f, 0x70, 0x00, 0x00, 0x07, 0xf5, 0x00,
    0x00, 0x00, 0x4f, 0xc3, 0x00, 0x00, 0x00, 0x9f,
    0xfe, 0xa4, 0x00, 0x00, 0x26, 0xaf, 0xf9, 0x00,
    0x00, 0x00, 0x1d, 0xf1, 0x00, 0x00, 0x00, 0x8f,
    0x30, 0x00, 0x00, 0x0b, 0xf2, 0x9a, 0x88, 0x9d,
    0xfb, 0x08, 0xef, 0xff, 0xd8, 0x00,

    /* U+0074 "t" */
    0x00, 0x77, 0x00, 0x00, 0x0e, 0xf0, 0x00, 0x00,
    0xef, 0x00, 0x0a, 0xff, 0xff, 0xff, 0x69, 0xff,
    0x99, 0x80, 0x0e, 0xf0, 0x00, 0x00, 0xef, 0x00,
    0x00, 0x0e, 0xf0, 0x00, 0x00, 0xef, 0x00, 0x00,
    0x0e, 0xf0, 0x00, 0x00, 0xef, 0x00, 0x00, 0x0e,
    0xf0, 0x00, 0x00, 0xdf, 0x20, 0x00, 0x09, 0xfd,
    0x99, 0x00, 0x1a, 0xef, 0xf0,

    /* U+0075 "u" */
    0x1f, 0xd0, 0x00, 0x00, 0x6f, 0x71, 0xfd, 0x00,
    0x00, 0x06, 0xf7, 0x1f, 0xd0, 0x00, 0x00, 0x6f,
    0x71, 0xfd, 0x00, 0x00, 0x06, 0xf7, 0x1f, 0xd0,
    0x00, 0x00, 0x6f, 0x71, 0xfd, 0x00, 0x00, 0x06,
    0xf7, 0x1f, 0xd0, 0x00, 0x00, 0x6f, 0x71, 0xfd,
    0x00, 0x00, 0x06, 0xf7, 0x0f, 0xd0, 0x00, 0x00,
    0x8f, 0x70, 0xef, 0x20, 0x00, 0x3f, 0xf7, 0x08,
    0xfe, 0x87, 0xaf, 0xcf, 0x70, 0x07, 0xdf, 0xfc,
    0x63, 0xf7,

    /* U+0076 "v" */
    0x9f, 0x50, 0x00, 0x00, 0x0d, 0xf2, 0x3f, 0xa0,
    0x00, 0x00, 0x2f, 0xc0, 0x0d, 0xf0, 0x00, 0x00,
    0x8f, 0x60, 0x07, 0xf6, 0x00, 0x00, 0xdf, 0x10,
    0x01, 0xfb, 0x00, 0x03, 0xfa, 0x00, 0x00, 0xcf,
    0x10, 0x08, 0xf5, 0x00, 0x00, 0x6f, 0x70, 0x0e,
    0xe0, 0x00, 0x00, 0x0f, 0xc0, 0x3f, 0x90, 0x00,
    0x00, 0x0a, 0xf2, 0x9f, 0x30, 0x00, 0x00, 0x04,
    0xf8, 0xed, 0x00, 0x00, 0x00, 0x00, 0xef, 0xf7,
    0x00, 0x00, 0x00, 0x00, 0x8f, 0xf1, 0x00, 0x00,

    /* U+0077 "w" */
    0x6f, 0x70, 0x00, 0x02, 0xff, 0x50, 0x00, 0x03,
    0xf9, 0x1f, 0xb0, 0x00, 0x07, 0xff, 0xa0, 0x00,
    0x07, 0xf5, 0x0d, 0xf0, 0x00, 0x0c, 0xec, 0xf0,
    0x00, 0x0b, 0xf1, 0x09, 0xf3, 0x00, 0x1f, 0x97,
    0xf4, 0x00, 0x0f, 0xc0, 0x04, 0xf7, 0x00, 0x5f,
    0x42, 0xf9, 0x00, 0x3f, 0x80, 0x00, 0xfb, 0x00,
    0xaf, 0x00, 0xdd, 0x00, 0x7f, 0x30, 0x00, 0xcf,
    0x00, 0xeb, 0x00, 0x8f, 0x20, 0xbf, 0x00, 0x00,
    0x8f, 0x33, 0xf6, 0x00, 0x4f, 0x70, 0xfb, 0x00,
    0x00, 0x3f, 0x78, 0xf1, 0x00, 0x0e, 0xc3, 0xf6,
    0x00, 0x00, 0x0f, 0xbd, 0xc0, 0x00, 0x0a, 0xf9,
    0xf2, 0x00, 0x00, 0x0b, 0xff, 0x70, 0x00, 0x05,
    0xff, 0xd0, 0x00, 0x00, 0x06, 0xff, 0x30, 0x00,
    0x01, 0xff, 0x90, 0x00,

    /* U+0078 "x" */
    0x2f, 0xe1, 0x00, 0x00, 0x9f, 0x70, 0x07, 0xf9,
    0x00, 0x03, 0xfd, 0x00, 0x00, 0xcf, 0x30, 0x0c,
    0xf3, 0x00, 0x00, 0x2f, 0xd0, 0x7f, 0x80, 0x00,
    0x00, 0x08, 0xf9, 0xfd, 0x00, 0x00, 0x00, 0x00,
    0xdf, 0xf3, 0x00, 0x00, 0x00, 0x01, 0xef, 0xf6,
    0x00, 0x00, 0x00, 0x0a, 0xf6, 0xef, 0x20, 0x00,
    0x00, 0x5f, 0xa0, 0x5f, 0xb0, 0x00, 0x01, 0xef,
    0x10, 0x0b, 0xf6, 0x00, 0x0a, 0xf6, 0x00, 0x01,
    0xff, 0x10, 0x5f, 0xb0, 0x00, 0x00, 0x6f, 0xb0,

    /* U+0079 "y" */
    0x9f, 0x70, 0x00, 0x00, 0x0b, 0xf2, 0x2f, 0xd0,
    0x00, 0x00, 0x1f, 0xc0, 0x0c, 0xf3, 0x00, 0x00,
    0x6f, 0x60, 0x05, 0xf9, 0x00, 0x00, 0xcf, 0x10,
    0x00, 0xee, 0x00, 0x02, 0xfa, 0x00, 0x00, 0x8f,
    0x50, 0x07, 0xf4, 0x00, 0x00, 0x2f, 0xb0, 0x0d,
    0xe0, 0x00, 0x00, 0x0b, 0xf1, 0x3f, 0x80, 0x00,
    0x00, 0x05, 0xf7, 0x8f, 0x20, 0x00, 0x00, 0x00,
    0xed, 0xec, 0x00, 0x00, 0x00, 0x00, 0x7f, 0xf6,
    0x00, 0x00, 0x00, 0x00, 0x2f, 0xf1, 0x00, 0x00,
    0x00, 0x00, 0x6f, 0x90, 0x00, 0x00, 0x00, 0x02,
    0xef, 0x10, 0x00, 0x00, 0x05, 0xbf, 0xf5, 0x00,
    0x00, 0x00, 0x08, 0xeb, 0x40, 0x00, 0x00, 0x00,

    /* U+007A "z" */
    0x08, 0xff, 0xff, 0xff, 0xff, 0x00, 0x49, 0x99,
    0x99, 0xcf, 0xd0, 0x00, 0x00, 0x00, 0x1e, 0xf2,
    0x00, 0x00, 0x00, 0x0c, 0xf6, 0x00, 0x00, 0x00,
    0x08, 0xfa, 0x00, 0x00, 0x00, 0x04, 0xfd, 0x00,
    0x00, 0x00, 0x01, 0xef, 0x20, 0x00, 0x00, 0x00,
    0xcf, 0x50, 0x00, 0x00, 0x00, 0x8f, 0x90, 0x00,
    0x00, 0x00, 0x4f, 0xd0, 0x00, 0x00, 0x00, 0x0e,
    0xfc, 0xbb, 0xbb, 0xbb, 0x30, 0xff, 0xff, 0xff,
    0xff, 0xf5,

    /* U+007B "{" */
    0x00, 0x4c, 0xc0, 0x2f, 0xfa, 0x06, 0xf8, 0x00,
    0x8f, 0x60, 0x08, 0xf6, 0x00, 0x8f, 0x60, 0x08,
    0xf6, 0x00, 0x8f, 0x60, 0x0b, 0xf4, 0x0e, 0xfb,
    0x00, 0xbf, 0xe1, 0x00, 0x9f, 0x50, 0x08, 0xf6,
    0x00, 0x8f, 0x60, 0x08, 0xf6, 0x00, 0x8f, 0x60,
    0x08, 0xf6, 0x00, 0x6f, 0x80, 0x02, 0xff, 0xa0,
    0x04, 0xcc,

    /* U+007C "|" */
    0xee, 0xee, 0xee, 0xee, 0xee, 0xee, 0xee, 0xee,
    0xee, 0xee, 0xee, 0xee, 0xee, 0xee, 0xee, 0xee,
    0xee, 0xee, 0xee, 0xee,

    /* U+007D "}" */
    0x3e, 0xa1, 0x00, 0x3e, 0xfb, 0x00, 0x00, 0xef,
    0x00, 0x00, 0xdf, 0x10, 0x00, 0xdf, 0x10, 0x00,
    0xdf, 0x10, 0x00, 0xdf, 0x10, 0x00, 0xdf, 0x10,
    0x00, 0xbf, 0x50, 0x00, 0x3f, 0xf8, 0x00, 0x6f,
    0xe6, 0x00, 0xcf, 0x30, 0x00, 0xdf, 0x10, 0x00,
    0xdf, 0x10, 0x00, 0xdf, 0x10, 0x00, 0xdf, 0x10,
    0x00, 0xdf, 0x10, 0x00, 0xef, 0x00, 0x2d, 0xfa,
    0x00, 0x3e, 0xa1, 0x00,

    /* U+007E "~" */
    0x00, 0x6a, 0x93, 0x00, 0x02, 0x83, 0x09, 0xff,
    0xff, 0x90, 0x07, 0xf5, 0x1f, 0xc1, 0x3c, 0xfe,
    0xcf, 0xe0, 0x3d, 0x50, 0x00, 0x6d, 0xfc, 0x30,

    /* U+3010 "【" */
    0x55, 0x55, 0x2e, 0xff, 0xf2, 0xef, 0xfa, 0x0e,
    0xff, 0x50, 0xef, 0xf0, 0x0e, 0xfb, 0x00, 0xef,
    0x80, 0x0e, 0xf5, 0x00, 0xef, 0x40, 0x0e, 0xf3,
    0x00, 0xef, 0x20, 0x0e, 0xf3, 0x00, 0xef, 0x40,
    0x0e, 0xf6, 0x00, 0xef, 0x90, 0x0e, 0xfc, 0x00,
    0xef, 0xf0, 0x0e, 0xff, 0x50, 0xef, 0xfb, 0x0e,
    0xff, 0xf4,

    /* U+3011 "】" */
    0x15, 0x55, 0x50, 0x0e, 0xff, 0xf2, 0x07, 0xff,
    0xf2, 0x02, 0xff, 0xf2, 0x00, 0xcf, 0xf2, 0x00,
    0x8f, 0xf2, 0x00, 0x5f, 0xf2, 0x00, 0x2f, 0xf2,
    0x00, 0x0f, 0xf2, 0x00, 0x0f, 0xf2, 0x00, 0x0f,
    0xf2, 0x00, 0x0f, 0xf2, 0x00, 0x1f, 0xf2, 0x00,
    0x2f, 0xf2, 0x00, 0x5f, 0xf2, 0x00, 0x9f, 0xf2,
    0x00, 0xcf, 0xf2, 0x02, 0xff, 0xf2, 0x08, 0xff,
    0xf2, 0x1f, 0xff, 0xf2,

    /* U+4E2D "中" */
    0x00, 0x00, 0x00, 0x00, 0x00, 0x00, 0x00, 0x00,
    0x00, 0x00, 0x00, 0x00, 0x1f, 0xa0, 0x00, 0x00,
    0x00, 0x00, 0x00, 0x00, 0x01, 0xfa, 0x00, 0x00,
    0x00, 0x00, 0x00, 0x00, 0x00, 0x1f, 0xa0, 0x00,
    0x00, 0x00, 0x00, 0x00, 0x00, 0x01, 0xfa, 0x00,
    0x00, 0x00, 0x05, 0x99, 0x99, 0x99, 0x9f, 0xd9,
    0x99, 0x99, 0x97, 0xaf, 0xff, 0xff, 0xff, 0xff,
    0xff, 0xff, 0xff, 0xca, 0xf1, 0x00, 0x00, 0x2f,
    0xa0, 0x00, 0x00, 0xec, 0xaf, 0x10, 0x00, 0x01,
    0xfa, 0x00, 0x00, 0x0e, 0xca, 0xf1, 0x00, 0x00,
    0x1f, 0xa0, 0x00, 0x00, 0xec, 0xaf, 0x10, 0x00,
    0x01, 0xfa, 0x00, 0x00, 0x0e, 0xca, 0xf1, 0x00,
    0x00, 0x1f, 0xa0, 0x00, 0x00, 0xec, 0xaf, 0x10,
    0x00, 0x01, 0xfa, 0x00, 0x00, 0x0e, 0xca, 0xff,
    0xff, 0xff, 0xff, 0xff, 0xff, 0xff, 0xfc, 0x6a,
    0xaa, 0xaa, 0xab, 0xfe, 0xaa, 0xaa, 0xaa, 0x80,
    0x00, 0x00, 0x00, 0x1f, 0xa0, 0x00, 0x00, 0x00,
    0x00, 0x00, 0x00, 0x01, 0xfa, 0x00, 0x00, 0x00,
    0x00, 0x00, 0x00, 0x00, 0x1f, 0xa0, 0x00, 0x00,
    0x00, 0x00, 0x00, 0x00, 0x01, 0xfa, 0x00, 0x00,
    0x00, 0x00, 0x00, 0x00, 0x00, 0x1f, 0xa0, 0x00,
    0x00, 0x00, 0x00, 0x00, 0x00, 0x01, 0xfa, 0x00,
    0x00, 0x00, 0x00,

    /* U+4E86 "了" */
    0x00, 0x00, 0x00, 0x00, 0x00, 0x00, 0x00, 0x00,
    0x00, 0x00, 0xff, 0xff, 0xff, 0xff, 0xff, 0xff,
    0xff, 0xff, 0xf2, 0x09, 0x99, 0x99, 0x99, 0x99,
    0x99, 0x99, 0xaf, 0xff, 0x10, 0x00, 0x00, 0x00,
    0x00, 0x00, 0x00, 0x2c, 0xfd, 0x20, 0x00, 0x00,
    0x00, 0x00, 0x00, 0x00, 0x4e, 0xfa, 0x00, 0x00,
    0x00, 0x00, 0x00, 0x00, 0x01, 0x9f, 0xf6, 0x00,
    0x00, 0x00, 0x00, 0x00, 0x00, 0x04, 0xef, 0xb1,
    0x00, 0x00, 0x00, 0x00, 0x00, 0x00, 0x00, 0xff,
    0x60, 0x00, 0x00, 0x00, 0x00, 0x00, 0x00, 0x00,
    0x0f, 0xd0, 0x00, 0x00, 0x00, 0x00, 0x00, 0x00,
    0x00, 0x00, 0xfd, 0x00, 0x00, 0x00, 0x00, 0x00,
    0x00, 0x00, 0x00, 0x0f, 0xd0, 0x00, 0x00, 0x00,
    0x00, 0x00, 0x00, 0x00, 0x00, 0xfd, 0x00, 0x00,
    0x00, 0x00, 0x00, 0x00, 0x00, 0x00, 0x0f, 0xd0,
    0x00, 0x00, 0x00, 0x00, 0x00, 0x00, 0x00, 0x00,
    0xfd, 0x00, 0x00, 0x00, 0x00, 0x00, 0x00, 0x00,
    0x00, 0x0f, 0xd0, 0x00, 0x00, 0x00, 0x00, 0x00,
    0x00, 0x00, 0x00, 0xfd, 0x00, 0x00, 0x00, 0x00,
    0x00, 0x00, 0x00, 0x00, 0x4f, 0xd0, 0x00, 0x00,
    0x00, 0x00, 0x00, 0x00, 0x6e, 0xff, 0xf9, 0x00,
    0x00, 0x00, 0x00, 0x00, 0x00, 0x02, 0xdc, 0xa7,
    0x00, 0x00, 0x00, 0x00, 0x00,

    /* U+4ECA "今" */
    0x00, 0x00, 0x00, 0x00, 0x02, 0xb9, 0x00, 0x00,
    0x00, 0x00, 0x00, 0x00, 0x00, 0x00, 0x00, 0xcf,
    0xf8, 0x00, 0x00, 0x00, 0x00, 0x00, 0x00, 0x00,
    0x00, 0x9f, 0x7c, 0xf3, 0x00, 0x00, 0x00, 0x00,
    0x00, 0x00, 0x00, 0x8f, 0xa0, 0x1e, 0xf3, 0x00,
    0x00, 0x00, 0x00, 0x00, 0x00, 0x8f, 0xb0, 0x00,
    0x3f, 0xe3, 0x00, 0x00, 0x00, 0x00, 0x01, 0xbf,
    0xb0, 0x00, 0x00, 0x3f, 0xf5, 0x00, 0x00, 0x00,
    0x03, 0xdf, 0xa0, 0x3e, 0x40, 0x00, 0x3d, 0xf9,
    0x00, 0x00, 0x19, 0xff, 0x60, 0x01, 0xdf, 0x20,
    0x00, 0x1b, 0xfe, 0x50, 0x2f, 0xfc, 0x20, 0x00,
    0x03, 0xfd, 0x00, 0x00, 0x06, 0xff, 0xa0, 0x96,
    0x00, 0x00, 0x00, 0x06, 0xf8, 0x00, 0x00, 0x01,
    0xa3, 0x00, 0x00, 0x00, 0x00, 0x00, 0x09, 0x10,
    0x00, 0x00, 0x00, 0x00, 0x00, 0x9a, 0xaa, 0xaa,
    0xaa, 0xaa, 0xaa, 0xaa, 0x30, 0x00, 0x00, 0x0e,
    0xff, 0xff, 0xff, 0xff, 0xff, 0xff, 0xf5, 0x00,
    0x00, 0x00, 0x00, 0x00, 0x00, 0x00, 0x00, 0x03,
    0xfe, 0x10, 0x00, 0x00, 0x00, 0x00, 0x00, 0x00,
    0x00, 0x00, 0xdf, 0x40, 0x00, 0x00, 0x00, 0x00,
    0x00, 0x00, 0x00, 0x00, 0x9f, 0x80, 0x00, 0x00,
    0x00, 0x00, 0x00, 0x00, 0x00, 0x00, 0x4f, 0xd0,
    0x00, 0x00, 0x00, 0x00, 0x00, 0x00, 0x00, 0x00,
    0x2f, 0xe2, 0x00, 0x00, 0x00, 0x00, 0x00, 0x00,
    0x00, 0x00, 0x2e, 0xf3, 0x00, 0x00, 0x00, 0x00,
    0x00, 0x00, 0x00, 0x00, 0x09, 0xf6, 0x00, 0x00,
    0x00, 0x00, 0x00, 0x00, 0x00, 0x00, 0x00, 0x03,
    0x00, 0x00, 0x00, 0x00, 0x00,

    /* U+51FA "出" */
    0x00, 0x00, 0x00, 0x00, 0x9b, 0x00, 0x00, 0x00,
    0x00, 0x00, 0x00, 0x00, 0x00, 0xbe, 0x00, 0x00,
    0x00, 0x00, 0x02, 0xb5, 0x00, 0x00, 0xbe, 0x00,
    0x00, 0x7b, 0x00, 0x03, 0xf8, 0x00, 0x00, 0xbe,
    0x00, 0x00, 0x9f, 0x10, 0x03, 0xf8, 0x00, 0x00,
    0xbe, 0x00, 0x00, 0x9f, 0x10, 0x03, 0xf8, 0x00,
    0x00, 0xbe, 0x00, 0x00, 0x9f, 0x10, 0x03, 0xf8,
    0x00, 0x00, 0xbe, 0x00, 0x00, 0x9f, 0x10, 0x03,
    0xf8, 0x00, 0x00, 0xbe, 0x00, 0x00, 0x9f, 0x10,
    0x03, 0xff, 0xff, 0xff, 0xff, 0xff, 0xff, 0xff,
    0x10, 0x01, 0xaa, 0xaa, 0xaa, 0xef, 0xaa, 0xaa,
    0xaa, 0x00, 0x00, 0x00, 0x00, 0x00, 0xbe, 0x00,
    0x00, 0x00, 0x00, 0x1c, 0x70, 0x00, 0x00, 0xbe,
    0x00, 0x00, 0x09, 0xd0, 0x1f, 0xa0, 0x00, 0x00,
    0xbe, 0x00, 0x00, 0x0b, 0xf0, 0x1f, 0xa0, 0x00,
    0x00, 0xbe, 0x00, 0x00, 0x0b, 0xf0, 0x1f, 0xa0,
    0x00, 0x00, 0xbe, 0x00, 0x00, 0x0b, 0xf0, 0x1f,
    0xa0, 0x00, 0x00, 0xbe, 0x00, 0x00, 0x0b, 0xf0,
    0x1f, 0xa0, 0x00, 0x00, 0xbe, 0x00, 0x00, 0x0b,
    0xf0, 0x1f, 0xd9, 0x99, 0x99, 0xef, 0x99, 0x99,
    0x9e, 0xf0, 0x1f, 0xff, 0xff, 0xff, 0xff, 0xff,
    0xff, 0xff, 0xf0, 0x00, 0x00, 0x00, 0x00, 0x00,
    0x00, 0x00, 0x0b, 0xf0,

    /* U+529F "功" */
    0x00, 0x00, 0x00, 0x00, 0x00, 0x01, 0x62, 0x00,
    0x00, 0x00, 0x00, 0x00, 0x00, 0x00, 0x00, 0x03,
    0xf6, 0x00, 0x00, 0x00, 0x00, 0x00, 0x00, 0x00,
    0x00, 0x04, 0xf6, 0x00, 0x00, 0x00, 0x05, 0xdd,
    0xdd, 0xdd, 0xc0, 0x04, 0xf5, 0x00, 0x00, 0x00,
    0x04, 0xbb, 0xdf, 0xcb, 0xa0, 0x15, 0xf5, 0x11,
    0x11, 0x10, 0x00, 0x00, 0x7f, 0x20, 0x0d, 0xff,
    0xff, 0xff, 0xff, 0xf3, 0x00, 0x00, 0x7f, 0x20,
    0x07, 0x9b, 0xfb, 0x99, 0x9c, 0xf3, 0x00, 0x00,
    0x7f, 0x20, 0x00, 0x07, 0xf3, 0x00, 0x07, 0xf2,
    0x00, 0x00, 0x7f, 0x20, 0x00, 0x08, 0xf2, 0x00,
    0x08, 0xf2, 0x00, 0x00, 0x7f, 0x20, 0x00, 0x09,
    0xf1, 0x00, 0x08, 0xf1, 0x00, 0x00, 0x7f, 0x20,
    0x00, 0x0b, 0xf0, 0x00, 0x09, 0xf1, 0x00, 0x00,
    0x7f, 0x20, 0x00, 0x0d, 0xe0, 0x00, 0x0a, 0xf0,
    0x00, 0x00, 0x7f, 0x20, 0x00, 0x0f, 0xb0, 0x00,
    0x0a, 0xf0, 0x00, 0x00, 0x7f, 0x36, 0xb6, 0x4f,
    0x70, 0x00, 0x0b, 0xf0, 0x00, 0x14, 0xbf, 0xff,
    0xf7, 0xaf, 0x30, 0x00, 0x0b, 0xf0, 0x1d, 0xff,
    0xfe, 0xa5, 0x12, 0xfc, 0x00, 0x00, 0x0c, 0xe0,
    0x0b, 0xa7, 0x30, 0x00, 0x0c, 0xf3, 0x00, 0x00,
    0x0e, 0xd0, 0x00, 0x00, 0x00, 0x00, 0x9f, 0x80,
    0x00, 0x00, 0x4f, 0xc0, 0x00, 0x00, 0x00, 0x08,
    0xfb, 0x00, 0x09, 0xdf, 0xff, 0x60, 0x00, 0x00,
    0x00, 0x5f, 0xc0, 0x00, 0x08, 0xec, 0xa5, 0x00,
    0x00, 0x00, 0x00, 0x05, 0x10, 0x00, 0x00, 0x00,
    0x00, 0x00,

    /* U+540C "同" */
    0x48, 0x88, 0x88, 0x88, 0x88, 0x88, 0x88, 0x88,
    0x79, 0xff, 0xff, 0xff, 0xff, 0xff, 0xff, 0xff,
    0xff, 0x9f, 0x00, 0x00, 0x00, 0x00, 0x00, 0x00,
    0x0b, 0xf9, 0xf0, 0x00, 0x00, 0x00, 0x00, 0x00,
    0x00, 0xbf, 0x9f, 0x02, 0x44, 0x44, 0x44, 0x44,
    0x44, 0x0b, 0xf9, 0xf0, 0x9f, 0xff, 0xff, 0xff,
    0xff, 0xf0, 0xbf, 0x9f, 0x02, 0x33, 0x33, 0x33,
    0x33, 0x33, 0x0b, 0xf9, 0xf0, 0x00, 0x00, 0x00,
    0x00, 0x00, 0x00, 0xbf, 0x9f, 0x00, 0x16, 0x66,
    0x66, 0x66, 0x40, 0x0b, 0xf9, 0xf0, 0x05, 0xff,
    0xff, 0xff, 0xfb, 0x00, 0xbf, 0x9f, 0x00, 0x5f,
    0x30, 0x00, 0x0c, 0xb0, 0x0b, 0xf9, 0xf0, 0x05,
    0xf2, 0x00, 0x00, 0xcb, 0x00, 0xbf, 0x9f, 0x00,
    0x5f, 0x20, 0x00, 0x0c, 0xb0, 0x0b, 0xf9, 0xf0,
    0x05, 0xf2, 0x00, 0x00, 0xcb, 0x00, 0xbf, 0x9f,
    0x00, 0x5f, 0xff, 0xff, 0xff, 0xb0, 0x0b, 0xf9,
    0xf0, 0x02, 0x77, 0x77, 0x77, 0x75, 0x00, 0xbf,
    0x9f, 0x00, 0x00, 0x00, 0x00, 0x00, 0x00, 0x0c,
    0xf9, 0xf0, 0x00, 0x00, 0x00, 0x00, 0x07, 0xac,
    0xfc, 0x9f, 0x00, 0x00, 0x00, 0x00, 0x00, 0x9f,
    0xeb, 0x20, 0x00, 0x00, 0x00, 0x00, 0x00, 0x00,
    0x00, 0x00,

    /* U+55B5 "喵" */
    0x00, 0x00, 0x00, 0x00, 0x07, 0x30, 0x03, 0x70,
    0x00, 0x00, 0x00, 0x00, 0x00, 0x00, 0xf7, 0x00,
    0x6f, 0x10, 0x00, 0x44, 0x44, 0x40, 0x00, 0x0f,
    0x70, 0x06, 0xf1, 0x00, 0x0e, 0xff, 0xff, 0x2e,
    0xff, 0xff, 0xff, 0xff, 0xff, 0xf6, 0xea, 0x47,
    0xf2, 0x78, 0x8f, 0xb8, 0x8b, 0xf8, 0x88, 0x3e,
    0x90, 0x4f, 0x20, 0x00, 0xf7, 0x00, 0x6f, 0x10,
    0x00, 0xe9, 0x04, 0xf2, 0x00, 0x0a, 0x40, 0x03,
    0xa0, 0x00, 0x0e, 0x90, 0x4f, 0x20, 0x99, 0x99,
    0x99, 0x99, 0x99, 0x10, 0xe9, 0x04, 0xf2, 0x1f,
    0xff, 0xff, 0xff, 0xff, 0xf1, 0x0e, 0x90, 0x4f,
    0x21, 0xf6, 0x00, 0xbb, 0x00, 0x5f, 0x10, 0xe9,
    0x04, 0xf2, 0x1f, 0x60, 0x0b, 0xb0, 0x05, 0xf1,
    0x0e, 0x90, 0x4f, 0x21, 0xf6, 0x00, 0xbb, 0x00,
    0x5f, 0x10, 0xe9, 0x04, 0xf2, 0x1f, 0xb9, 0x9d,
    0xe9, 0x9b, 0xf1, 0x0e, 0x90, 0x4f, 0x21, 0xff,
    0xff, 0xff, 0xff, 0xff, 0x10, 0xe9, 0x04, 0xf2,
    0x1f, 0x60, 0x0b, 0xb0, 0x05, 0xf1, 0x0e, 0xc7,
    0x9f, 0x21, 0xf6, 0x00, 0xbb, 0x00, 0x5f, 0x10,
    0xef, 0xff, 0xf2, 0x1f, 0x60, 0x0b, 0xb0, 0x05,
    0xf1, 0x00, 0x00, 0x00, 0x01, 0xff, 0xff, 0xff,
    0xff, 0xff, 0x10, 0x00, 0x00, 0x00, 0x1f, 0xc9,
    0x99, 0x99, 0x9b, 0xf1, 0x00, 0x00, 0x00, 0x01,
    0xf6, 0x00, 0x00, 0x00, 0x5f, 0x10,

    /* U+5728 "在" */
    0x00, 0x00, 0x00, 0x00, 0x9b, 0x00, 0x00, 0x00,
    0x00, 0x00, 0x00, 0x00, 0x00, 0x00, 0x0e, 0xc0,
    0x00, 0x00, 0x00, 0x00, 0x00, 0x00, 0x00, 0x00,
    0x05, 0xf7, 0x00, 0x00, 0x00, 0x00, 0x00, 0x00,
    0xbf, 0xff, 0xff, 0xff, 0xff, 0xff, 0xff, 0xff,
    0xff, 0xf0, 0x05, 0x88, 0x88, 0xaf, 0xc8, 0x88,
    0x88, 0x88, 0x88, 0x88, 0x00, 0x00, 0x00, 0x0b,
    0xf2, 0x00, 0x00, 0x00, 0x00, 0x00, 0x00, 0x00,
    0x00, 0x04, 0xfa, 0x00, 0x00, 0x8e, 0x00, 0x00,
    0x00, 0x00, 0x00, 0x00, 0xdf, 0x20, 0x00, 0x09,
    0xf1, 0x00, 0x00, 0x00, 0x00, 0x00, 0x8f, 0x70,
    0x00, 0x00, 0x9f, 0x10, 0x00, 0x00, 0x00, 0x00,
    0x5f, 0xe0, 0x00, 0x00, 0x09, 0xf1, 0x00, 0x00,
    0x00, 0x00, 0x3f, 0xfe, 0x08, 0xff, 0xff, 0xff,
    0xff, 0xff, 0xf3, 0x00, 0x3e, 0xfe, 0xe0, 0x48,
    0x88, 0x8c, 0xf8, 0x88, 0x88, 0x10, 0x3f, 0xf4,
    0xce, 0x00, 0x00, 0x00, 0x9f, 0x10, 0x00, 0x00,
    0x01, 0xc3, 0x0c, 0xe0, 0x00, 0x00, 0x09, 0xf1,
    0x00, 0x00, 0x00, 0x00, 0x00, 0xce, 0x00, 0x00,
    0x00, 0x9f, 0x10, 0x00, 0x00, 0x00, 0x00, 0x0c,
    0xe0, 0x00, 0x00, 0x09, 0xf1, 0x00, 0x00, 0x00,
    0x00, 0x00, 0xce, 0x00, 0x00, 0x00, 0x9f, 0x10,
    0x00, 0x00, 0x00, 0x00, 0x0c, 0xe6, 0xff, 0xff,
    0xff, 0xff, 0xff, 0xff, 0xf3, 0x00, 0x00, 0xce,
    0x49, 0x99, 0x99, 0x99, 0x99, 0x99, 0x99, 0x10,
    0x00, 0x0c, 0xe0, 0x00, 0x00, 0x00, 0x00, 0x00,
    0x00, 0x00,

    /* U+5907 "备" */
    0x00, 0x00, 0x00, 0x07, 0xc4, 0x00, 0x00, 0x00,
    0x00, 0x00, 0x00, 0x00, 0x00, 0x00, 0x4f, 0xd0,
    0x00, 0x00, 0x00, 0x00, 0x00, 0x00, 0x00, 0x00,
    0x02, 0xef, 0xff, 0xff, 0xff, 0xff, 0xfe, 0x00,
    0x00, 0x00, 0x00, 0x2e, 0xfa, 0x88, 0x88, 0x88,
    0x8e, 0xfe, 0x00, 0x00, 0x00, 0x03, 0xef, 0xfd,
    0x20, 0x00, 0x01, 0xbf, 0xc1, 0x00, 0x00, 0x00,
    0x7f, 0xe3, 0x4f, 0xe5, 0x00, 0x7e, 0xf9, 0x00,
    0x00, 0x00, 0x04, 0xfc, 0x20, 0x03, 0xdf, 0xbd,
    0xfd, 0x30, 0x00, 0x00, 0x00, 0x00, 0x30, 0x00,
    0x02, 0x9f, 0xff, 0xf5, 0x00, 0x00, 0x00, 0x00,
    0x00, 0x00, 0x48, 0xdf, 0xfb, 0x59, 0xff, 0xfc,
    0x84, 0x10, 0x00, 0x09, 0xcf, 0xff, 0xc7, 0x20,
    0x00, 0x04, 0x9e, 0xff, 0xff, 0xb0, 0x0c, 0xc8,
    0x73, 0x22, 0x22, 0x22, 0x22, 0x22, 0x47, 0x8b,
    0x80, 0x00, 0x01, 0xff, 0xff, 0xff, 0xff, 0xff,
    0xff, 0xfc, 0x00, 0x00, 0x00, 0x01, 0xfb, 0x44,
    0x44, 0xfc, 0x44, 0x44, 0xec, 0x00, 0x00, 0x00,
    0x01, 0xf9, 0x00, 0x00, 0xeb, 0x00, 0x00, 0xec,
    0x00, 0x00, 0x00, 0x01, 0xfc, 0x77, 0x77, 0xfd,
    0x77, 0x77, 0xfc, 0x00, 0x00, 0x00, 0x01, 0xff,
    0xff, 0xff, 0xff, 0xff, 0xff, 0xfc, 0x00, 0x00,
    0x00, 0x01, 0xf9, 0x00, 0x00, 0xeb, 0x00, 0x00,
    0xec, 0x00, 0x00, 0x00, 0x01, 0xf9, 0x00, 0x00,
    0xeb, 0x00, 0x00, 0xec, 0x00, 0x00, 0x00, 0x01,
    0xfc, 0x77, 0x77, 0xfd, 0x77, 0x77, 0xfc, 0x00,
    0x00, 0x00, 0x01, 0xff, 0xff, 0xff, 0xff, 0xff,
    0xff, 0xfc, 0x00, 0x00,

    /* U+5929 "天" */
    0x00, 0x00, 0x00, 0x00, 0x00, 0x00, 0x00, 0x00,
    0x00, 0x00, 0x03, 0xff, 0xff, 0xff, 0xff, 0xff,
    0xff, 0xff, 0xfc, 0x00, 0x01, 0x88, 0x88, 0x88,
    0x9f, 0xd8, 0x88, 0x88, 0x86, 0x00, 0x00, 0x00,
    0x00, 0x00, 0x2f, 0x90, 0x00, 0x00, 0x00, 0x00,
    0x00, 0x00, 0x00, 0x00, 0x2f, 0x90, 0x00, 0x00,
    0x00, 0x00, 0x00, 0x00, 0x00, 0x00, 0x2f, 0x90,
    0x00, 0x00, 0x00, 0x00, 0x00, 0x00, 0x00, 0x00,
    0x2f, 0x90, 0x00, 0x00, 0x00, 0x00, 0x4a, 0xaa,
    0xaa, 0xaa, 0xbf, 0xda, 0xaa, 0xaa, 0xaa, 0x90,
    0x5f, 0xff, 0xff, 0xff, 0xff, 0xff, 0xff, 0xff,
    0xff, 0xe0, 0x00, 0x00, 0x00, 0x00, 0x6f, 0xe0,
    0x00, 0x00, 0x00, 0x00, 0x00, 0x00, 0x00, 0x00,
    0xbf, 0xf5, 0x00, 0x00, 0x00, 0x00, 0x00, 0x00,
    0x00, 0x03, 0xfb, 0xed, 0x00, 0x00, 0x00, 0x00,
    0x00, 0x00, 0x00, 0x0c, 0xf3, 0x7f, 0x80, 0x00,
    0x00, 0x00, 0x00, 0x00, 0x00, 0xaf, 0x80, 0x0d,
    0xf5, 0x00, 0x00, 0x00, 0x00, 0x00, 0x0a, 0xfb,
    0x00, 0x03, 0xff, 0x50, 0x00, 0x00, 0x00, 0x02,
    0xcf, 0xc0, 0x00, 0x00, 0x4f, 0xf8, 0x00, 0x00,
    0x00, 0x7f, 0xfa, 0x00, 0x00, 0x00, 0x03, 0xef,
    0xc3, 0x00, 0x6e, 0xff, 0x60, 0x00, 0x00, 0x00,
    0x00, 0x1b, 0xff, 0xb3, 0x8f, 0xa1, 0x00, 0x00,
    0x00, 0x00, 0x00, 0x00, 0x5e, 0xf2, 0x03, 0x00,
    0x00, 0x00, 0x00, 0x00, 0x00, 0x00, 0x00, 0x40,

    /* U+5931 "失" */
    0x00, 0x00, 0x00, 0x00, 0x09, 0xb0, 0x00, 0x00,
    0x00, 0x00, 0x00, 0x00, 0xcb, 0x00, 0x0c, 0xf0,
    0x00, 0x00, 0x00, 0x00, 0x00, 0x01, 0xf9, 0x00,
    0x0c, 0xf0, 0x00, 0x00, 0x00, 0x00, 0x00, 0x07,
    0xf4, 0x00, 0x0c, 0xf0, 0x00, 0x00, 0x00, 0x00,
    0x00, 0x0d, 0xff, 0xff, 0xff, 0xff, 0xff, 0xff,
    0xfe, 0x00, 0x00, 0x4f, 0xcb, 0xbb, 0xbf, 0xfb,
    0xbb, 0xbb, 0xba, 0x00, 0x00, 0xbf, 0x10, 0x00,
    0x0d, 0xe0, 0x00, 0x00, 0x00, 0x00, 0x04, 0xf9,
    0x00, 0x00, 0x0d, 0xe0, 0x00, 0x00, 0x00, 0x00,
    0x05, 0xe1, 0x00, 0x00, 0x0d, 0xe0, 0x00, 0x00,
    0x00, 0x00, 0x00, 0x10, 0x00, 0x00, 0x0e, 0xe0,
    0x00, 0x00, 0x00, 0x00, 0x4f, 0xff, 0xff, 0xff,
    0xff, 0xff, 0xff, 0xff, 0xff, 0xe0, 0x29, 0x99,
    0x99, 0x99, 0xbf, 0xfa, 0x99, 0x99, 0x99, 0x80,
    0x00, 0x00, 0x00, 0x00, 0x8f, 0xf8, 0x00, 0x00,
    0x00, 0x00, 0x00, 0x00, 0x00, 0x02, 0xfe, 0xdf,
    0x10, 0x00, 0x00, 0x00, 0x00, 0x00, 0x00, 0x0c,
    0xf4, 0x3f, 0xc0, 0x00, 0x00, 0x00, 0x00, 0x00,
    0x01, 0xcf, 0x80, 0x09, 0xfb, 0x00, 0x00, 0x00,
    0x00, 0x00, 0x3e, 0xf8, 0x00, 0x00, 0x9f, 0xd3,
    0x00, 0x00, 0x00, 0x1a, 0xff, 0x60, 0x00, 0x00,
    0x08, 0xff, 0x92, 0x00, 0x29, 0xff, 0xc2, 0x00,
    0x00, 0x00, 0x00, 0x3d, 0xff, 0xb3, 0x3f, 0xd5,
    0x00, 0x00, 0x00, 0x00, 0x00, 0x00, 0x6d, 0xf1,
    0x03, 0x00, 0x00, 0x00, 0x00, 0x00, 0x00, 0x00,
    0x00, 0x10,

    /* U+5976 "奶" */
    0x00, 0x00, 0x95, 0x00, 0x00, 0x00, 0x00, 0x00,
    0x00, 0x00, 0x00, 0x00, 0xf7, 0x00, 0x00, 0x00,
    0x00, 0x00, 0x00, 0x00, 0x00, 0x01, 0xf5, 0x00,
    0x0d, 0xff, 0xff, 0xff, 0xff, 0x80, 0x00, 0x03,
    0xf4, 0x00, 0x06, 0x8b, 0xf8, 0x88, 0x8f, 0x70,
    0x03, 0x8a, 0xf9, 0x88, 0x70, 0x07, 0xf0, 0x00,
    0x3f, 0x50, 0x06, 0xff, 0xff, 0xff, 0xe0, 0x08,
    0xf0, 0x00, 0x6f, 0x20, 0x00, 0x0a, 0xd0, 0x0a,
    0xd0, 0x08, 0xf0, 0x00, 0xae, 0x00, 0x00, 0x0d,
    0xa0, 0x0c, 0xb0, 0x09, 0xf0, 0x00, 0xea, 0x00,
    0x00, 0x0f, 0x80, 0x0e, 0x90, 0x0a, 0xe0, 0x02,
    0xfc, 0x87, 0x00, 0x2f, 0x50, 0x1f, 0x60, 0x0a,
    0xd0, 0x02, 0xff, 0xfd, 0x00, 0x5f, 0x20, 0x4f,
    0x30, 0x0c, 0xc0, 0x00, 0x00, 0xcc, 0x00, 0x9e,
    0x00, 0x8f, 0x00, 0x0d, 0xa0, 0x00, 0x00, 0xdc,
    0x00, 0xbf, 0x70, 0xdb, 0x00, 0x0f, 0x80, 0x00,
    0x00, 0xdb, 0x00, 0x0b, 0xfc, 0xf6, 0x00, 0x3f,
    0x50, 0x00, 0x00, 0xea, 0x00, 0x00, 0x9f, 0xf1,
    0x00, 0x7f, 0x20, 0x00, 0x00, 0xfa, 0x00, 0x00,
    0x6f, 0xfc, 0x10, 0xdd, 0x00, 0x00, 0x00, 0xf9,
    0x00, 0x03, 0xfc, 0x8f, 0xc3, 0xf7, 0x00, 0x00,
    0x01, 0xf8, 0x00, 0x2e, 0xe2, 0x08, 0xbb, 0xf1,
    0x00, 0x00, 0x05, 0xf7, 0x03, 0xef, 0x30, 0x00,
    0x6f, 0x80, 0x00, 0x59, 0xbf, 0xf3, 0x0d, 0xf4,
    0x00, 0x01, 0xed, 0x00, 0x00, 0x6f, 0xfd, 0x60,
    0x02, 0x40, 0x00, 0x00, 0x73, 0x00, 0x00, 0x01,
    0x00, 0x00,

    /* U+5B50 "子" */
    0x00, 0x00, 0x00, 0x00, 0x00, 0x00, 0x00, 0x00,
    0x00, 0x00, 0x00, 0xff, 0xff, 0xff, 0xff, 0xff,
    0xff, 0xff, 0xf5, 0x00, 0x00, 0x89, 0x99, 0x99,
    0x99, 0x99, 0x99, 0xef, 0xf3, 0x00, 0x00, 0x00,
    0x00, 0x00, 0x00, 0x00, 0x1b, 0xfd, 0x20, 0x00,
    0x00, 0x00, 0x00, 0x00, 0x00, 0x05, 0xef, 0x80,
    0x00, 0x00, 0x00, 0x00, 0x00, 0x00, 0x00, 0xaf,
    0xe4, 0x00, 0x00, 0x00, 0x00, 0x00, 0x00, 0x00,
    0x1e, 0xfa, 0x10, 0x00, 0x00, 0x00, 0x00, 0x00,
    0x00, 0x00, 0x3f, 0xa0, 0x00, 0x00, 0x00, 0x00,
    0x79, 0x99, 0x99, 0x99, 0xaf, 0xd9, 0x99, 0x99,
    0x99, 0x91, 0xdf, 0xff, 0xff, 0xff, 0xff, 0xff,
    0xff, 0xff, 0xff, 0xf1, 0x00, 0x00, 0x00, 0x00,
    0x3f, 0x90, 0x00, 0x00, 0x00, 0x00, 0x00, 0x00,
    0x00, 0x00, 0x3f, 0x90, 0x00, 0x00, 0x00, 0x00,
    0x00, 0x00, 0x00, 0x00, 0x3f, 0x90, 0x00, 0x00,
    0x00, 0x00, 0x00, 0x00, 0x00, 0x00, 0x3f, 0x90,
    0x00, 0x00, 0x00, 0x00, 0x00, 0x00, 0x00, 0x00,
    0x3f, 0x90, 0x00, 0x00, 0x00, 0x00, 0x00, 0x00,
    0x00, 0x00, 0x3f, 0x90, 0x00, 0x00, 0x00, 0x00,
    0x00, 0x00, 0x00, 0x01, 0x8f, 0x80, 0x00, 0x00,
    0x00, 0x00, 0x00, 0x00, 0x08, 0xff, 0xff, 0x40,
    0x00, 0x00, 0x00, 0x00, 0x00, 0x00, 0x03, 0xa9,
    0x73, 0x00, 0x00, 0x00, 0x00, 0x00,

    /* U+5B9D "宝" */
    0x00, 0x00, 0x00, 0x00, 0x00, 0x00, 0x00, 0x00,
    0x00, 0x00, 0x00, 0x00, 0x00, 0x00, 0x6e, 0x20,
    0x00, 0x00, 0x00, 0x00, 0x00, 0x00, 0x00, 0x00,
    0x3f, 0x70, 0x00, 0x00, 0x00, 0x00, 0x06, 0x88,
    0x88, 0x88, 0x8f, 0xd8, 0x88, 0x88, 0x88, 0x40,
    0x0d, 0xff, 0xff, 0xff, 0xff, 0xff, 0xff, 0xff,
    0xff, 0x80, 0x0d, 0xd0, 0x00, 0x00, 0x00, 0x00,
    0x00, 0x00, 0x4f, 0x80, 0x0d, 0xd0, 0x00, 0x00,
    0x00, 0x00, 0x00, 0x00, 0x4f, 0x80, 0x04, 0x40,
    0x00, 0x00, 0x00, 0x00, 0x00, 0x00, 0x15, 0x20,
    0x00, 0x9f, 0xff, 0xff, 0xff, 0xff, 0xff, 0xff,
    0xf4, 0x00, 0x00, 0x59, 0x99, 0x99, 0xaf, 0xd9,
    0x99, 0x99, 0x92, 0x00, 0x00, 0x00, 0x00, 0x00,
    0x2f, 0x90, 0x00, 0x00, 0x00, 0x00, 0x00, 0x00,
    0x00, 0x00, 0x2f, 0x90, 0x00, 0x00, 0x00, 0x00,
    0x00, 0x00, 0x00, 0x00, 0x2f, 0x90, 0x00, 0x00,
    0x00, 0x00, 0x00, 0x2f, 0xff, 0xff, 0xff, 0xff,
    0xff, 0xff, 0xd0, 0x00, 0x00, 0x18, 0x88, 0x88,
    0x9f, 0xc8, 0x88, 0x98, 0x70, 0x00, 0x00, 0x00,
    0x00, 0x00, 0x2f, 0x90, 0x08, 0xf2, 0x00, 0x00,
    0x00, 0x00, 0x00, 0x00, 0x2f, 0x90, 0x02, 0xfc,
    0x00, 0x00, 0x00, 0x00, 0x00, 0x00, 0x2f, 0x90,
    0x00, 0x7f, 0x20, 0x00, 0x38, 0x88, 0x88, 0x88,
    0x9f, 0xc8, 0x88, 0x8a, 0x88, 0x80, 0x6f, 0xff,
    0xff, 0xff, 0xff, 0xff, 0xff, 0xff, 0xff, 0xf0,
    0x00, 0x00, 0x00, 0x00, 0x00, 0x00, 0x00, 0x00,
    0x00, 0x00,

    /* U+5C81 "岁" */
    0x00, 0x00, 0x00, 0x00, 0x0c, 0x80, 0x00, 0x00,
    0x00, 0x01, 0xc7, 0x00, 0x00, 0x0f, 0xb0, 0x00,
    0x00, 0xb9, 0x01, 0xf9, 0x00, 0x00, 0x0f, 0xb0,
    0x00, 0x00, 0xec, 0x01, 0xf9, 0x00, 0x00, 0x0f,
    0xb0, 0x00, 0x00, 0xec, 0x01, 0xfc, 0x88, 0x88,
    0x8f, 0xd8, 0x88, 0x88, 0xfc, 0x01, 0xff, 0xff,
    0xff, 0xff, 0xff, 0xff, 0xff, 0xfc, 0x00, 0x00,
    0x00, 0x29, 0x40, 0x00, 0x00, 0x00, 0x00, 0x00,
    0x00, 0x00, 0xcf, 0x40, 0x00, 0x00, 0x00, 0x00,
    0x00, 0x00, 0x08, 0xfa, 0x00, 0x00, 0x00, 0x00,
    0x00, 0x00, 0x00, 0x5f, 0xff, 0xff, 0xff, 0xff,
    0xff, 0xf3, 0x00, 0x05, 0xfe, 0x88, 0x88, 0x88,
    0x88, 0x9f, 0xf2, 0x00, 0x6f, 0xfb, 0x10, 0x00,
    0x00, 0x00, 0xcf, 0x80, 0x09, 0xfe, 0xaf, 0xf8,
    0x10, 0x00, 0x0b, 0xfb, 0x00, 0x7f, 0xc1, 0x03,
    0xcf, 0xe3, 0x02, 0xdf, 0xb0, 0x00, 0x07, 0x00,
    0x00, 0x06, 0xe1, 0x7f, 0xf9, 0x00, 0x00, 0x00,
    0x00, 0x00, 0x00, 0x6d, 0xff, 0x50, 0x00, 0x00,
    0x00, 0x00, 0x00, 0x6d, 0xff, 0xa1, 0x00, 0x00,
    0x00, 0x00, 0x04, 0xaf, 0xff, 0xb3, 0x00, 0x00,
    0x00, 0x00, 0x3a, 0xff, 0xff, 0x92, 0x00, 0x00,
    0x00, 0x00, 0x00, 0x1e, 0xfc, 0x60, 0x00, 0x00,
    0x00, 0x00, 0x00, 0x00, 0x03, 0x10, 0x00, 0x00,
    0x00, 0x00, 0x00, 0x00, 0x00,

    /* U+5E74 "年" */
    0x00, 0x00, 0x01, 0x20, 0x00, 0x00, 0x00, 0x00,
    0x00, 0x00, 0x00, 0x00, 0x00, 0xaf, 0x40, 0x00,
    0x00, 0x00, 0x00, 0x00, 0x00, 0x00, 0x00, 0x2f,
    0xc0, 0x00, 0x00, 0x00, 0x00, 0x00, 0x00, 0x00,
    0x00, 0x0b, 0xff, 0xff, 0xff, 0xff, 0xff, 0xff,
    0xff, 0x50, 0x00, 0x04, 0xfc, 0xaa, 0xaa, 0xbf,
    0xba, 0xaa, 0xaa, 0xa3, 0x00, 0x01, 0xee, 0x10,
    0x00, 0x04, 0xf5, 0x00, 0x00, 0x00, 0x00, 0x00,
    0xbf, 0x40, 0x00, 0x00, 0x4f, 0x50, 0x00, 0x00,
    0x00, 0x00, 0xaf, 0x80, 0x00, 0x00, 0x04, 0xf5,
    0x00, 0x00, 0x00, 0x00, 0x0d, 0xb0, 0x78, 0x88,
    0x88, 0xaf, 0xa8, 0x88, 0x88, 0x60, 0x00, 0x20,
    0x0e, 0xff, 0xff, 0xff, 0xff, 0xff, 0xff, 0xfc,
    0x00, 0x00, 0x00, 0xeb, 0x00, 0x00, 0x4f, 0x50,
    0x00, 0x00, 0x00, 0x00, 0x00, 0x0e, 0xb0, 0x00,
    0x04, 0xf5, 0x00, 0x00, 0x00, 0x00, 0x00, 0x00,
    0xeb, 0x00, 0x00, 0x4f, 0x50, 0x00, 0x00, 0x00,
    0x00, 0x00, 0x0e, 0xb0, 0x00, 0x04, 0xf5, 0x00,
    0x00, 0x00, 0x00, 0x1a, 0xaa, 0xfe, 0xaa, 0xaa,
    0xbf, 0xca, 0xaa, 0xaa, 0xaa, 0x21, 0xff, 0xff,
    0xff, 0xff, 0xff, 0xff, 0xff, 0xff, 0xff, 0xf3,
    0x00, 0x00, 0x00, 0x00, 0x00, 0x4f, 0x50, 0x00,
    0x00, 0x00, 0x00, 0x00, 0x00, 0x00, 0x00, 0x04,
    0xf5, 0x00, 0x00, 0x00, 0x00, 0x00, 0x00, 0x00,
    0x00, 0x00, 0x4f, 0x50, 0x00, 0x00, 0x00, 0x00,
    0x00, 0x00, 0x00, 0x00, 0x04, 0xf5, 0x00, 0x00,
    0x00, 0x00, 0x00, 0x00, 0x00, 0x00, 0x00, 0x4f,
    0x50, 0x00, 0x00, 0x00, 0x00,

    /* U+6210 "成" */
    0x00, 0x00, 0x00, 0x00, 0x00, 0x08, 0xc0, 0x1b,
    0x20, 0x00, 0x00, 0x00, 0x00, 0x00, 0x00, 0x00,
    0x8f, 0x01, 0xde, 0x30, 0x00, 0x00, 0x00, 0x00,
    0x00, 0x00, 0x07, 0xf2, 0x02, 0xee, 0x00, 0x00,
    0x00, 0x47, 0x77, 0x77, 0x77, 0xbf, 0x97, 0x7a,
    0xc7, 0x70, 0x00, 0x09, 0xff, 0xff, 0xff, 0xff,
    0xff, 0xff, 0xff, 0xff, 0x00, 0x00, 0x9e, 0x00,
    0x00, 0x00, 0x4f, 0x60, 0x00, 0x00, 0x00, 0x00,
    0x09, 0xe0, 0x00, 0x00, 0x01, 0xf7, 0x00, 0x01,
    0x00, 0x00, 0x00, 0x9e, 0x00, 0x00, 0x00, 0x0f,
    0x90, 0x00, 0xbd, 0x00, 0x00, 0x09, 0xf9, 0x99,
    0x99, 0x20, 0xdb, 0x00, 0x1f, 0x90, 0x00, 0x00,
    0x9f, 0xff, 0xff, 0xf4, 0x0b, 0xd0, 0x07, 0xf3,
    0x00, 0x00, 0x0a, 0xe0, 0x00, 0x5f, 0x30, 0x8f,
    0x00, 0xec, 0x00, 0x00, 0x00, 0xad, 0x00, 0x06,
    0xf3, 0x05, 0xf3, 0x6f, 0x40, 0x00, 0x00, 0x0c,
    0xc0, 0x00, 0x6f, 0x20, 0x2f, 0x8e, 0xc0, 0x00,
    0x00, 0x00, 0xda, 0x00, 0x07, 0xf1, 0x00, 0xef,
    0xf3, 0x00, 0x00, 0x00, 0x1f, 0x70, 0x00, 0x8f,
    0x00, 0x0a, 0xf8, 0x00, 0x00, 0x00, 0x05, 0xf4,
    0x00, 0x0b, 0xf0, 0x06, 0xff, 0x70, 0x00, 0xd6,
    0x00, 0xbf, 0x03, 0xad, 0xfa, 0x06, 0xfc, 0xde,
    0x00, 0x1f, 0x70, 0x1f, 0xa0, 0x2f, 0xd9, 0x29,
    0xfc, 0x04, 0xf9, 0x06, 0xf3, 0x0a, 0xf4, 0x00,
    0x00, 0x06, 0xfa, 0x00, 0x09, 0xfd, 0xfd, 0x01,
    0xec, 0x00, 0x00, 0x00, 0x04, 0x00, 0x00, 0x09,
    0xfe, 0x30, 0x00, 0x20, 0x00, 0x00, 0x00, 0x00,
    0x00, 0x00, 0x00, 0x00, 0x00,

    /* U+6309 "按" */
    0x00, 0x00, 0x53, 0x00, 0x00, 0x00, 0x39, 0x20,
    0x00, 0x00, 0x00, 0x00, 0x0d, 0xb0, 0x00, 0x00,
    0x03, 0xf8, 0x00, 0x00, 0x00, 0x00, 0x00, 0xdb,
    0x00, 0x00, 0x00, 0x0e, 0xd0, 0x00, 0x00, 0x00,
    0x00, 0x0d, 0xb0, 0x09, 0xff, 0xff, 0xff, 0xff,
    0xff, 0xa0, 0x06, 0x99, 0xfe, 0x98, 0x9f, 0x66,
    0x66, 0x66, 0x66, 0xfa, 0x00, 0xaf, 0xff, 0xff,
    0xe9, 0xf0, 0x07, 0x30, 0x00, 0x0e, 0xa0, 0x00,
    0x00, 0xdb, 0x00, 0x8e, 0x04, 0xf7, 0x00, 0x00,
    0xd9, 0x00, 0x00, 0x0d, 0xb0, 0x00, 0x00, 0x8f,
    0x30, 0x00, 0x00, 0x00, 0x00, 0x00, 0xdb, 0x00,
    0x00, 0x0d, 0xe0, 0x00, 0x00, 0x00, 0x00, 0x00,
    0x0d, 0xdd, 0x6f, 0xff, 0xff, 0xff, 0xff, 0xff,
    0xfb, 0x00, 0x39, 0xff, 0xe5, 0x77, 0xcf, 0x87,
    0x77, 0xee, 0x77, 0x53, 0xdf, 0xff, 0xc0, 0x00,
    0x0e, 0xc0, 0x00, 0x1f, 0xa0, 0x00, 0x1e, 0x93,
    0xdb, 0x00, 0x05, 0xf5, 0x00, 0x06, 0xf5, 0x00,
    0x00, 0x00, 0x0d, 0xb0, 0x00, 0xcf, 0x80, 0x00,
    0xde, 0x00, 0x00, 0x00, 0x00, 0xdb, 0x00, 0x03,
    0xbf, 0xe6, 0x8f, 0x70, 0x00, 0x00, 0x00, 0x0d,
    0xb0, 0x00, 0x00, 0x4c, 0xff, 0xd0, 0x00, 0x00,
    0x00, 0x00, 0xdb, 0x00, 0x00, 0x00, 0x9f, 0xff,
    0x91, 0x00, 0x00, 0x00, 0x0e, 0xb0, 0x00, 0x17,
    0xef, 0xb2, 0xaf, 0xe5, 0x00, 0x02, 0x69, 0xfa,
    0x06, 0xbf, 0xfd, 0x40, 0x00, 0x5e, 0xfa, 0x00,
    0x3f, 0xfe, 0x31, 0xff, 0xb4, 0x00, 0x00, 0x00,
    0x1c, 0xa0, 0x00, 0x42, 0x00, 0x03, 0x10, 0x00,
    0x00, 0x00, 0x00, 0x01, 0x00,

    /* U+63A5 "接" */
    0x00, 0x00, 0x73, 0x00, 0x00, 0x00, 0x18, 0x40,
    0x00, 0x00, 0x00, 0x00, 0x0f, 0x80, 0x00, 0x00,
    0x00, 0xfc, 0x00, 0x00, 0x00, 0x00, 0x00, 0xf8,
    0x00, 0x58, 0x88, 0x8d, 0xf8, 0x88, 0x86, 0x00,
    0x00, 0x0f, 0x80, 0x0b, 0xff, 0xff, 0xff, 0xff,
    0xff, 0xc0, 0x04, 0x99, 0xfc, 0x98, 0x00, 0xbd,
    0x00, 0x00, 0xf8, 0x00, 0x00, 0x7f, 0xff, 0xff,
    0xe0, 0x08, 0xf0, 0x00, 0x3f, 0x40, 0x00, 0x00,
    0x00, 0xf8, 0x00, 0x00, 0x5f, 0x30, 0x08, 0xf1,
    0x00, 0x00, 0x00, 0x0f, 0x80, 0x37, 0x79, 0xfa,
    0x77, 0xde, 0x77, 0x74, 0x00, 0x00, 0xf8, 0x06,
    0xff, 0xff, 0xff, 0xff, 0xff, 0xff, 0x90, 0x00,
    0x0f, 0xa8, 0x20, 0x00, 0x67, 0x00, 0x00, 0x00,
    0x00, 0x00, 0x05, 0xff, 0xf3, 0x00, 0x0e, 0xc0,
    0x00, 0x00, 0x00, 0x01, 0xaf, 0xff, 0xb2, 0x67,
    0x78, 0xfb, 0x77, 0x77, 0x77, 0x72, 0x0e, 0xa4,
    0xf8, 0x0d, 0xff, 0xff, 0xff, 0xff, 0xff, 0xff,
    0x50, 0x00, 0x0f, 0x80, 0x00, 0x2f, 0x70, 0x00,
    0x0e, 0xb0, 0x00, 0x00, 0x00, 0xf8, 0x00, 0x0b,
    0xf3, 0x00, 0x07, 0xf3, 0x00, 0x00, 0x00, 0x0f,
    0x80, 0x00, 0x7d, 0xfd, 0x76, 0xf8, 0x00, 0x00,
    0x00, 0x00, 0xf8, 0x00, 0x00, 0x03, 0xbf, 0xff,
    0x40, 0x00, 0x00, 0x00, 0x0f, 0x80, 0x00, 0x26,
    0xbf, 0xf9, 0xdf, 0xd5, 0x00, 0x02, 0x7b, 0xf6,
    0x4a, 0xef, 0xfd, 0x71, 0x00, 0x5d, 0xfd, 0x40,
    0x2f, 0xfb, 0x14, 0xeb, 0x72, 0x00, 0x00, 0x00,
    0x06, 0xe2, 0x00, 0x10, 0x00, 0x00, 0x00, 0x00,
    0x00, 0x00, 0x00, 0x00, 0x00,

    /* U+65E5 "日" */
    0x00, 0x00, 0x00, 0x00, 0x00, 0x00, 0x00, 0xef,
    0xff, 0xff, 0xff, 0xff, 0xff, 0xf9, 0xed, 0x77,
    0x77, 0x77, 0x77, 0x78, 0xf9, 0xeb, 0x00, 0x00,
    0x00, 0x00, 0x00, 0xf9, 0xeb, 0x00, 0x00, 0x00,
    0x00, 0x00, 0xf9, 0xeb, 0x00, 0x00, 0x00, 0x00,
    0x00, 0xf9, 0xeb, 0x00, 0x00, 0x00, 0x00, 0x00,
    0xf9, 0xeb, 0x00, 0x00, 0x00, 0x00, 0x00, 0xf9,
    0xef, 0xff, 0xff, 0xff, 0xff, 0xff, 0xf9, 0xee,
    0x99, 0x99, 0x99, 0x99, 0x9a, 0xf9, 0xeb, 0x00,
    0x00, 0x00, 0x00, 0x00, 0xf9, 0xeb, 0x00, 0x00,
    0x00, 0x00, 0x00, 0xf9, 0xeb, 0x00, 0x00, 0x00,
    0x00, 0x00, 0xf9, 0xeb, 0x00, 0x00, 0x00, 0x00,
    0x00, 0xf9, 0xeb, 0x00, 0x00, 0x00, 0x00, 0x00,
    0xf9, 0xeb, 0x00, 0x00, 0x00, 0x00, 0x01, 0xf9,
    0xef, 0xff, 0xff, 0xff, 0xff, 0xff, 0xf9, 0xee,
    0x99, 0x99, 0x99, 0x99, 0x99, 0xf9, 0xeb, 0x00,
    0x00, 0x00, 0x00, 0x00, 0xf9,

    /* U+65F6 "时" */
    0x00, 0x00, 0x00, 0x00, 0x00, 0x00, 0x00, 0xac,
    0x00, 0x00, 0x11, 0x11, 0x10, 0x00, 0x00, 0x00,
    0x0c, 0xf0, 0x00, 0x9f, 0xff, 0xff, 0xe0, 0x00,
    0x00, 0x00, 0xcf, 0x00, 0x09, 0xf9, 0x99, 0xde,
    0x00, 0x00, 0x00, 0x0c, 0xf0, 0x00, 0x9e, 0x00,
    0x09, 0xe3, 0x88, 0x88, 0x88, 0xef, 0x88, 0x79,
    0xe0, 0x00, 0x9e, 0x6f, 0xff, 0xff, 0xff, 0xff,
    0xfd, 0x9e, 0x00, 0x09, 0xe0, 0x11, 0x11, 0x11,
    0xcf, 0x11, 0x19, 0xe0, 0x00, 0x9e, 0x00, 0x10,
    0x00, 0x0c, 0xf0, 0x00, 0x9e, 0x00, 0x09, 0xe0,
    0x5f, 0x40, 0x00, 0xcf, 0x00, 0x09, 0xfa, 0xaa,
    0xde, 0x01, 0xed, 0x00, 0x0c, 0xf0, 0x00, 0x9f,
    0xff, 0xff, 0xe0, 0x06, 0xf6, 0x00, 0xcf, 0x00,
    0x09, 0xe0, 0x00, 0x9e, 0x00, 0x0d, 0xd0, 0x0c,
    0xf0, 0x00, 0x9e, 0x00, 0x09, 0xe0, 0x00, 0x6f,
    0x50, 0xcf, 0x00, 0x09, 0xe0, 0x00, 0x9e, 0x00,
    0x00, 0xd4, 0x0c, 0xf0, 0x00, 0x9e, 0x00, 0x09,
    0xe0, 0x00, 0x00, 0x00, 0xcf, 0x00, 0x09, 0xe0,
    0x00, 0x9e, 0x00, 0x00, 0x00, 0x0c, 0xf0, 0x00,
    0x9f, 0xaa, 0xad, 0xe0, 0x00, 0x00, 0x00, 0xcf,
    0x00, 0x09, 0xff, 0xff, 0xfe, 0x00, 0x00, 0x00,
    0x0e, 0xf0, 0x00, 0x00, 0x00, 0x00, 0x00, 0x00,
    0x1b, 0xcf, 0xfb, 0x00, 0x00, 0x00, 0x00, 0x00,
    0x00, 0x00, 0xdf, 0xea, 0x20, 0x00, 0x00, 0x00,
    0x00, 0x00, 0x00, 0x00, 0x00, 0x00, 0x00, 0x00,

    /* U+662F "是" */
    0x00, 0x00, 0x77, 0x77, 0x77, 0x77, 0x77, 0x77,
    0x71, 0x00, 0x00, 0x00, 0x0f, 0xfe, 0xee, 0xee,
    0xee, 0xee, 0xff, 0x20, 0x00, 0x00, 0x00, 0xfa,
    0x00, 0x00, 0x00, 0x00, 0x07, 0xf2, 0x00, 0x00,
    0x00, 0x0f, 0xc6, 0x66, 0x66, 0x66, 0x66, 0xbf,
    0x20, 0x00, 0x00, 0x00, 0xff, 0xff, 0xff, 0xff,
    0xff, 0xff, 0xf2, 0x00, 0x00, 0x00, 0x0f, 0xa0,
    0x00, 0x00, 0x00, 0x00, 0x7f, 0x20, 0x00, 0x00,
    0x00, 0xfc, 0x66, 0x66, 0x66, 0x66, 0x6a, 0xf2,
    0x00, 0x00, 0x00, 0x0f, 0xff, 0xff, 0xff, 0xff,
    0xff, 0xff, 0x20, 0x00, 0x00, 0x00, 0x00, 0x00,
    0x00, 0x00, 0x00, 0x00, 0x00, 0x00, 0x00, 0x36,
    0x66, 0x66, 0x66, 0x66, 0x66, 0x66, 0x66, 0x66,
    0x60, 0x07, 0xff, 0xff, 0xff, 0xff, 0xff, 0xff,
    0xff, 0xff, 0xfe, 0x00, 0x00, 0x00, 0x41, 0x00,
    0x0f, 0xa0, 0x00, 0x00, 0x00, 0x00, 0x00, 0x00,
    0x4f, 0x60, 0x00, 0xfa, 0x00, 0x00, 0x00, 0x00,
    0x00, 0x00, 0x08, 0xf1, 0x00, 0x0f, 0xff, 0xff,
    0xff, 0xf5, 0x00, 0x00, 0x00, 0xef, 0x40, 0x00,
    0xfc, 0x66, 0x66, 0x66, 0x20, 0x00, 0x00, 0x6f,
    0xfe, 0x20, 0x0f, 0xa0, 0x00, 0x00, 0x00, 0x00,
    0x00, 0x1e, 0xd2, 0xee, 0x50, 0xfa, 0x00, 0x00,
    0x00, 0x00, 0x00, 0x0c, 0xf4, 0x02, 0xcf, 0xef,
    0xd7, 0x66, 0x66, 0x67, 0x73, 0x0b, 0xf8, 0x00,
    0x00, 0x49, 0xde, 0xff, 0xff, 0xff, 0xff, 0x40,
    0x38, 0x00, 0x00, 0x00, 0x00, 0x00, 0x00, 0x00,
    0x00, 0x00,

    /* U+6708 "月" */
    0x00, 0x00, 0xaa, 0xaa, 0xaa, 0xaa, 0xaa, 0xaa,
    0x60, 0x00, 0x1f, 0xff, 0xff, 0xff, 0xff, 0xff,
    0xfa, 0x00, 0x01, 0xfa, 0x00, 0x00, 0x00, 0x00,
    0x1f, 0xa0, 0x00, 0x1f, 0xa0, 0x00, 0x00, 0x00,
    0x01, 0xfa, 0x00, 0x01, 0xfa, 0x00, 0x00, 0x00,
    0x00, 0x1f, 0xa0, 0x00, 0x1f, 0xd8, 0x88, 0x88,
    0x88, 0x88, 0xfa, 0x00, 0x01, 0xff, 0xff, 0xff,
    0xff, 0xff, 0xff, 0xa0, 0x00, 0x1f, 0xa0, 0x00,
    0x00, 0x00, 0x01, 0xfa, 0x00, 0x01, 0xf9, 0x00,
    0x00, 0x00, 0x00, 0x1f, 0xa0, 0x00, 0x1f, 0x90,
    0x00, 0x00, 0x00, 0x01, 0xfa, 0x00, 0x02, 0xf9,
    0x00, 0x00, 0x00, 0x00, 0x1f, 0xa0, 0x00, 0x3f,
    0xff, 0xff, 0xff, 0xff, 0xff, 0xfa, 0x00, 0x04,
    0xfb, 0x88, 0x88, 0x88, 0x88, 0x8f, 0xa0, 0x00,
    0x7f, 0x40, 0x00, 0x00, 0x00, 0x01, 0xfa, 0x00,
    0x0c, 0xf0, 0x00, 0x00, 0x00, 0x00, 0x1f, 0xa0,
    0x03, 0xfa, 0x00, 0x00, 0x00, 0x00, 0x01, 0xfa,
    0x00, 0xdf, 0x30, 0x00, 0x00, 0x00, 0x00, 0x3f,
    0x90, 0xaf, 0x90, 0x00, 0x00, 0x00, 0x0a, 0xcf,
    0xf6, 0x2e, 0xc0, 0x00, 0x00, 0x00, 0x00, 0x9d,
    0xb7, 0x00, 0x11, 0x00, 0x00, 0x00, 0x00, 0x00,
    0x00, 0x00,

    /* U+6709 "有" */
    0x00, 0x00, 0x00, 0x00, 0x06, 0x60, 0x00, 0x00,
    0x00, 0x00, 0x00, 0x00, 0x00, 0x00, 0x01, 0xfc,
    0x00, 0x00, 0x00, 0x00, 0x00, 0x00, 0x00, 0x00,
    0x00, 0x8f, 0x60, 0x00, 0x00, 0x00, 0x00, 0x00,
    0x3f, 0xff, 0xff, 0xff, 0xff, 0xff, 0xff, 0xff,
    0xff, 0xfc, 0x01, 0x88, 0x88, 0x8e, 0xf9, 0x88,
    0x88, 0x88, 0x88, 0x88, 0x60, 0x00, 0x00, 0x04,
    0xfb, 0x00, 0x00, 0x00, 0x00, 0x00, 0x00, 0x00,
    0x00, 0x02, 0xef, 0x76, 0x66, 0x66, 0x66, 0x66,
    0x00, 0x00, 0x00, 0x01, 0xdf, 0xff, 0xff, 0xff,
    0xff, 0xff, 0xf2, 0x00, 0x00, 0x01, 0xcf, 0xe1,
    0x11, 0x11, 0x11, 0x11, 0x9f, 0x20, 0x00, 0x01,
    0xdf, 0xfe, 0x00, 0x00, 0x00, 0x00, 0x08, 0xf2,
    0x00, 0x03, 0xef, 0x6b, 0xf7, 0x77, 0x77, 0x77,
    0x77, 0xbf, 0x20, 0x00, 0xef, 0x50, 0xbf, 0xff,
    0xff, 0xff, 0xff, 0xff, 0xf2, 0x00, 0x04, 0x30,
    0x0b, 0xe0, 0x00, 0x00, 0x00, 0x00, 0x8f, 0x20,
    0x00, 0x00, 0x00, 0xbe, 0x00, 0x00, 0x00, 0x00,
    0x08, 0xf2, 0x00, 0x00, 0x00, 0x0b, 0xf7, 0x77,
    0x77, 0x77, 0x77, 0xcf, 0x20, 0x00, 0x00, 0x00,
    0xbf, 0xff, 0xff, 0xff, 0xff, 0xff, 0xf2, 0x00,
    0x00, 0x00, 0x0b, 0xe0, 0x00, 0x00, 0x00, 0x00,
    0x8f, 0x20, 0x00, 0x00, 0x00, 0xbe, 0x00, 0x00,
    0x00, 0x00, 0x09, 0xf1, 0x00, 0x00, 0x00, 0x0b,
    0xe0, 0x00, 0x00, 0x03, 0x9b, 0xfe, 0x00, 0x00,
    0x00, 0x00, 0xbe, 0x00, 0x00, 0x00, 0x2e, 0xc9,
    0x20, 0x00,

    /* U+6B63 "正" */
    0x00, 0x00, 0x00, 0x00, 0x00, 0x00, 0x00, 0x00,
    0x00, 0x00, 0x0b, 0xff, 0xff, 0xff, 0xff, 0xff,
    0xff, 0xff, 0xff, 0xa0, 0x06, 0x88, 0x88, 0x88,
    0x8b, 0xfb, 0x88, 0x88, 0x88, 0x50, 0x00, 0x00,
    0x00, 0x00, 0x06, 0xf6, 0x00, 0x00, 0x00, 0x00,
    0x00, 0x00, 0x00, 0x00, 0x06, 0xf6, 0x00, 0x00,
    0x00, 0x00, 0x00, 0x03, 0x61, 0x00, 0x06, 0xf6,
    0x00, 0x00, 0x00, 0x00, 0x00, 0x07, 0xf4, 0x00,
    0x06, 0xf6, 0x00, 0x00, 0x00, 0x00, 0x00, 0x07,
    0xf4, 0x00, 0x06, 0xf6, 0x00, 0x00, 0x00, 0x00,
    0x00, 0x07, 0xf4, 0x00, 0x06, 0xff, 0xff, 0xff,
    0xfd, 0x00, 0x00, 0x07, 0xf4, 0x00, 0x06, 0xfc,
    0xaa, 0xaa, 0xa8, 0x00, 0x00, 0x07, 0xf4, 0x00,
    0x06, 0xf6, 0x00, 0x00, 0x00, 0x00, 0x00, 0x07,
    0xf4, 0x00, 0x06, 0xf6, 0x00, 0x00, 0x00, 0x00,
    0x00, 0x07, 0xf4, 0x00, 0x06, 0xf6, 0x00, 0x00,
    0x00, 0x00, 0x00, 0x07, 0xf4, 0x00, 0x06, 0xf6,
    0x00, 0x00, 0x00, 0x00, 0x00, 0x07, 0xf4, 0x00,
    0x06, 0xf6, 0x00, 0x00, 0x00, 0x00, 0x00, 0x07,
    0xf4, 0x00, 0x06, 0xf6, 0x00, 0x00, 0x00, 0x00,
    0x89, 0x9c, 0xfb, 0x99, 0x9c, 0xfc, 0x99, 0x99,
    0x99, 0x94, 0xef, 0xff, 0xff, 0xff, 0xff, 0xff,
    0xff, 0xff, 0xff, 0xf7,

    /* U+6B65 "步" */
    0x00, 0x00, 0x00, 0x00, 0x07, 0x50, 0x00, 0x00,
    0x00, 0x00, 0x00, 0x00, 0x00, 0x00, 0x0f, 0xb0,
    0x00, 0x00, 0x00, 0x00, 0x00, 0x03, 0xe7, 0x00,
    0x0f, 0xb0, 0x00, 0x00, 0x00, 0x00, 0x00, 0x03,
    0xf8, 0x00, 0x0f, 0xff, 0xff, 0xff, 0xfa, 0x00,
    0x00, 0x03, 0xf8, 0x00, 0x0f, 0xd9, 0x99, 0x99,
    0x95, 0x00, 0x00, 0x03, 0xf8, 0x00, 0x0f, 0xb0,
    0x00, 0x00, 0x00, 0x00, 0x00, 0x03, 0xf8, 0x00,
    0x0f, 0xb0, 0x00, 0x00, 0x00, 0x00, 0x00, 0x04,
    0xf8, 0x00, 0x1f, 0xb0, 0x00, 0x00, 0x00, 0x00,
    0xef, 0xff, 0xff, 0xff, 0xff, 0xff, 0xff, 0xff,
    0xff, 0xf3, 0x78, 0x88, 0x88, 0x88, 0x8c, 0xf9,
    0x88, 0x88, 0x88, 0x81, 0x00, 0x00, 0x04, 0x70,
    0x09, 0xf2, 0x00, 0x00, 0x20, 0x00, 0x00, 0x00,
    0x3f, 0xf1, 0x09, 0xf2, 0x00, 0x08, 0xf3, 0x00,
    0x00, 0x04, 0xff, 0x40, 0x09, 0xf2, 0x00, 0x6f,
    0xe2, 0x00, 0x00, 0x7f, 0xe3, 0x00, 0x09, 0xf2,
    0x07, 0xfe, 0x20, 0x00, 0x1b, 0xfd, 0x20, 0x00,
    0x09, 0xf3, 0xaf, 0xd2, 0x00, 0x00, 0x5f, 0xb1,
    0x00, 0x00, 0x00, 0x6e, 0xfc, 0x10, 0x00, 0x00,
    0x04, 0x00, 0x00, 0x01, 0x7d, 0xff, 0x60, 0x00,
    0x00, 0x00, 0x00, 0x00, 0x37, 0xcf, 0xff, 0x91,
    0x00, 0x00, 0x00, 0x00, 0x39, 0xcf, 0xff, 0xfc,
    0x61, 0x00, 0x00, 0x00, 0x00, 0x00, 0x2f, 0xfd,
    0x95, 0x10, 0x00, 0x00, 0x00, 0x00, 0x00, 0x00,
    0x03, 0x00, 0x00, 0x00, 0x00, 0x00, 0x00, 0x00,
    0x00, 0x00,

    /* U+6DC7 "淇" */
    0x00, 0x00, 0x00, 0x03, 0x71, 0x00, 0x00, 0x06,
    0x90, 0x00, 0x07, 0xb1, 0x00, 0x07, 0xf2, 0x00,
    0x00, 0x0a, 0xf0, 0x00, 0x06, 0xff, 0x50, 0x49,
    0xf6, 0x44, 0x44, 0x4c, 0xf4, 0x40, 0x00, 0x2d,
    0xf6, 0xff, 0xff, 0xff, 0xff, 0xff, 0xff, 0xf3,
    0x00, 0x01, 0xc1, 0x28, 0xf4, 0x22, 0x22, 0x2b,
    0xf2, 0x20, 0x00, 0x00, 0x00, 0x07, 0xf2, 0x00,
    0x00, 0x0a, 0xf0, 0x00, 0x2b, 0x20, 0x00, 0x07,
    0xf8, 0x77, 0x77, 0x7d, 0xf0, 0x00, 0x5f, 0xf6,
    0x00, 0x07, 0xff, 0xff, 0xff, 0xff, 0xf0, 0x00,
    0x02, 0xdf, 0xa0, 0x07, 0xf2, 0x00, 0x00, 0x0a,
    0xf0, 0x00, 0x00, 0x0b, 0x80, 0x07, 0xf2, 0x00,
    0x00, 0x0a, 0xf0, 0x00, 0x00, 0x00, 0x00, 0x07,
    0xff, 0xff, 0xff, 0xff, 0xf0, 0x00, 0x00, 0x02,
    0x00, 0x07, 0xf7, 0x66, 0x66, 0x6c, 0xf0, 0x00,
    0x00, 0x0e, 0x90, 0x07, 0xf2, 0x00, 0x00, 0x0a,
    0xf0, 0x00, 0x00, 0x2f, 0x76, 0x6a, 0xf8, 0x66,
    0x66, 0x6c, 0xf6, 0x66, 0x00, 0x7f, 0x3f, 0xff,
    0xff, 0xff, 0xff, 0xff, 0xff, 0xfe, 0x00, 0xce,
    0x00, 0x00, 0x01, 0x20, 0x00, 0x10, 0x00, 0x00,
    0x02, 0xf9, 0x00, 0x00, 0x3d, 0xc0, 0x02, 0xfa,
    0x10, 0x00, 0x07, 0xf4, 0x00, 0x2a, 0xfe, 0x50,
    0x00, 0x7f, 0xf8, 0x00, 0x0d, 0xe0, 0x29, 0xff,
    0x91, 0x00, 0x00, 0x01, 0xaf, 0xd3, 0x1a, 0x70,
    0x4f, 0xb2, 0x00, 0x00, 0x00, 0x00, 0x04, 0xe6,
    0x00, 0x00, 0x02, 0x00, 0x00, 0x00, 0x00, 0x00,
    0x00, 0x10,

    /* U+76D2 "盒" */
    0x00, 0x00, 0x00, 0x00, 0x05, 0xa9, 0x00, 0x00,
    0x00, 0x00, 0x00, 0x00, 0x00, 0x00, 0x08, 0xfd,
    0xfc, 0x10, 0x00, 0x00, 0x00, 0x00, 0x00, 0x00,
    0x3d, 0xfb, 0x05, 0xfe, 0x50, 0x00, 0x00, 0x00,
    0x00, 0x03, 0xaf, 0xf6, 0x00, 0x02, 0xcf, 0xc4,
    0x00, 0x00, 0x00, 0x5b, 0xff, 0xe6, 0x55, 0x55,
    0x55, 0xbf, 0xfc, 0x50, 0x04, 0xef, 0xe8, 0x3f,
    0xff, 0xff, 0xff, 0xff, 0x96, 0xdf, 0xf7, 0x09,
    0x40, 0x00, 0x00, 0x00, 0x00, 0x00, 0x00, 0x00,
    0x38, 0x30, 0x00, 0x0a, 0xee, 0xee, 0xee, 0xee,
    0xee, 0xee, 0x20, 0x00, 0x00, 0x00, 0xbd, 0x55,
    0x55, 0x55, 0x55, 0x58, 0xf2, 0x00, 0x00, 0x00,
    0x0b, 0xc0, 0x00, 0x00, 0x00, 0x00, 0x4f, 0x20,
    0x00, 0x00, 0x00, 0xbf, 0xee, 0xee, 0xee, 0xee,
    0xee, 0xf2, 0x00, 0x00, 0x00, 0x04, 0x66, 0x66,
    0x66, 0x66, 0x66, 0x66, 0x10, 0x00, 0x00, 0x00,
    0x00, 0x00, 0x00, 0x00, 0x00, 0x00, 0x00, 0x00,
    0x00, 0x00, 0x7f, 0xff, 0xff, 0xff, 0xff, 0xff,
    0xff, 0xe0, 0x00, 0x00, 0x08, 0xf6, 0x67, 0xf8,
    0x66, 0xeb, 0x66, 0xbf, 0x00, 0x00, 0x00, 0x8f,
    0x00, 0x2f, 0x40, 0x0d, 0x90, 0x08, 0xf0, 0x00,
    0x00, 0x08, 0xf0, 0x02, 0xf4, 0x00, 0xd9, 0x00,
    0x8f, 0x00, 0x00, 0x00, 0x8f, 0x00, 0x2f, 0x40,
    0x0d, 0x90, 0x08, 0xf0, 0x00, 0x05, 0x5b, 0xf5,
    0x57, 0xf8, 0x55, 0xeb, 0x55, 0xaf, 0x55, 0x20,
    0xef, 0xff, 0xff, 0xff, 0xff, 0xff, 0xff, 0xff,
    0xff, 0xf5,

    /* U+79BB "离" */
    0x00, 0x00, 0x00, 0x00, 0x14, 0x00, 0x00, 0x00,
    0x00, 0x00, 0x00, 0x00, 0x00, 0x00, 0x9f, 0x30,
    0x00, 0x00, 0x00, 0x00, 0x00, 0x00, 0x00, 0x00,
    0x1f, 0xb0, 0x00, 0x00, 0x00, 0x00, 0xef, 0xff,
    0xff, 0xff, 0xff, 0xff, 0xff, 0xff, 0xff, 0xf1,
    0x67, 0x77, 0x78, 0x77, 0x77, 0x77, 0x78, 0x77,
    0x77, 0x70, 0x00, 0x33, 0x08, 0xe8, 0x10, 0x05,
    0xda, 0x03, 0x30, 0x00, 0x00, 0xae, 0x02, 0x8e,
    0xfa, 0xcf, 0xb2, 0x0b, 0xe0, 0x00, 0x00, 0xae,
    0x00, 0x18, 0xff, 0xfd, 0x50, 0x0b, 0xe0, 0x00,
    0x00, 0xae, 0x0c, 0xfd, 0x71, 0x4c, 0xfd, 0x2b,
    0xe0, 0x00, 0x00, 0xae, 0x06, 0x40, 0x00, 0x00,
    0x5c, 0x1b, 0xe0, 0x00, 0x00, 0xaf, 0xff, 0xff,
    0xff, 0xff, 0xff, 0xff, 0xe0, 0x00, 0x00, 0x35,
    0x55, 0x55, 0xaf, 0x85, 0x55, 0x55, 0x50, 0x00,
    0x00, 0x00, 0x00, 0x00, 0xdd, 0x00, 0x00, 0x00,
    0x00, 0x00, 0x08, 0xff, 0xff, 0xff, 0xff, 0xff,
    0xff, 0xff, 0xfb, 0x00, 0x08, 0xf7, 0x77, 0x8f,
    0xd7, 0x7b, 0x97, 0x77, 0xec, 0x00, 0x08, 0xf1,
    0x00, 0x8f, 0x50, 0x0e, 0xd0, 0x00, 0xdc, 0x00,
    0x08, 0xf1, 0x03, 0xfc, 0x00, 0x16, 0xf9, 0x00,
    0xdc, 0x00, 0x08, 0xf1, 0x1f, 0xff, 0xff, 0xff,
    0xff, 0x50, 0xdc, 0x00, 0x08, 0xf1, 0x0a, 0x98,
    0x76, 0x54, 0x3d, 0x80, 0xeb, 0x00, 0x08, 0xf1,
    0x00, 0x00, 0x00, 0x00, 0x07, 0x8b, 0xf9, 0x00,
    0x07, 0xe0, 0x00, 0x00, 0x00, 0x00, 0x09, 0xfe,
    0xa1, 0x00, 0x00, 0x00, 0x00, 0x00, 0x00, 0x00,
    0x00, 0x00, 0x00, 0x00,

    /* U+7EDC "络" */
    0x00, 0x00, 0x00, 0x00, 0x00, 0x00, 0x00, 0x00,
    0x00, 0x00, 0x00, 0x00, 0x00, 0x0d, 0x60, 0x00,
    0x01, 0xfa, 0x00, 0x00, 0x00, 0x00, 0x00, 0x00,
    0x6f, 0x40, 0x00, 0x08, 0xf4, 0x00, 0x00, 0x00,
    0x00, 0x00, 0x00, 0xec, 0x00, 0x00, 0x1f, 0xff,
    0xff, 0xff, 0xf0, 0x00, 0x00, 0x06, 0xf3, 0x05,
    0xa1, 0x9f, 0x88, 0x88, 0x8e, 0xe0, 0x00, 0x00,
    0x0e, 0xa0, 0x0d, 0xd4, 0xff, 0x20, 0x00, 0x5f,
    0x60, 0x00, 0x00, 0x9f, 0x10, 0x6f, 0x7e, 0xde,
    0xc0, 0x01, 0xed, 0x00, 0x00, 0x07, 0xfd, 0x9a,
    0xeb, 0x9e, 0x23, 0xfa, 0x1d, 0xf2, 0x00, 0x00,
    0x08, 0xfe, 0xdf, 0xf2, 0x13, 0x00, 0x5f, 0xff,
    0x40, 0x00, 0x00, 0x00, 0x00, 0x3f, 0x80, 0x00,
    0x00, 0x8f, 0xfe, 0x60, 0x00, 0x00, 0x00, 0x00,
    0xce, 0x00, 0x01, 0x7e, 0xfb, 0x3b, 0xfd, 0x71,
    0x00, 0x00, 0x07, 0xf4, 0x01, 0xaf, 0xfc, 0x40,
    0x00, 0x4c, 0xff, 0xb0, 0x00, 0x4f, 0xd7, 0x9b,
    0xba, 0x30, 0x00, 0x00, 0x00, 0x28, 0x80, 0x02,
    0xff, 0xff, 0xfc, 0x01, 0xff, 0xff, 0xff, 0xff,
    0x80, 0x00, 0x00, 0xa6, 0x41, 0x00, 0x01, 0xfb,
    0x77, 0x77, 0x7f, 0x90, 0x00, 0x00, 0x00, 0x00,
    0x00, 0x01, 0xf7, 0x00, 0x00, 0x0f, 0x90, 0x00,
    0x00, 0x00, 0x00, 0x04, 0x51, 0xf7, 0x00, 0x00,
    0x0f, 0x90, 0x00, 0x01, 0x47, 0xad, 0xff, 0xc1,
    0xf7, 0x00, 0x00, 0x0f, 0x90, 0x00, 0x0f, 0xff,
    0xfd, 0xa7, 0x31, 0xfb, 0x77, 0x77, 0x7f, 0x90,
    0x00, 0x07, 0x63, 0x00, 0x00, 0x01, 0xff, 0xff,
    0xff, 0xff, 0x90, 0x00, 0x00, 0x00, 0x00, 0x00,
    0x01, 0xf7, 0x00, 0x00, 0x0f, 0x90, 0x00,

    /* U+7F51 "网" */
    0x47, 0x77, 0x77, 0x77, 0x77, 0x77, 0x77, 0x77,
    0x70, 0x8f, 0xff, 0xff, 0xff, 0xff, 0xff, 0xff,
    0xff, 0xf1, 0x8f, 0x00, 0x00, 0x00, 0x00, 0x00,
    0x00, 0x08, 0xf1, 0x8f, 0x00, 0x00, 0x02, 0x81,
    0x00, 0x03, 0x27, 0xf1, 0x8f, 0x0a, 0x80, 0x08,
    0xf2, 0x00, 0x0d, 0xc7, 0xf1, 0x8f, 0x07, 0xf2,
    0x0d, 0xbd, 0x90, 0x2f, 0x67, 0xf1, 0x8f, 0x00,
    0xea, 0x4f, 0x57, 0xf3, 0x8f, 0x17, 0xf1, 0x8f,
    0x00, 0x6f, 0xce, 0x00, 0xdc, 0xea, 0x07, 0xf1,
    0x8f, 0x00, 0x0d, 0xf8, 0x00, 0x5f, 0xf4, 0x07,
    0xf1, 0x8f, 0x00, 0x09, 0xf4, 0x00, 0x0e, 0xf0,
    0x07, 0xf1, 0x8f, 0x00, 0x1f, 0xfa, 0x00, 0x5f,
    0xf5, 0x07, 0xf1, 0x8f, 0x00, 0x9f, 0x9f, 0x20,
    0xdd, 0xcd, 0x07, 0xf1, 0x8f, 0x01, 0xf9, 0x1f,
    0x85, 0xf5, 0x5f, 0x47, 0xf1, 0x8f, 0x0b, 0xf1,
    0x0a, 0x9e, 0xc0, 0x0d, 0xc7, 0xf1, 0x8f, 0x4f,
    0x70, 0x01, 0x9f, 0x30, 0x06, 0xfa, 0xf1, 0x8f,
    0x8d, 0x00, 0x01, 0xf9, 0x00, 0x01, 0x77, 0xf1,
    0x8f, 0x01, 0x00, 0x00, 0x40, 0x00, 0x00, 0x0a,
    0xf0, 0x8f, 0x00, 0x00, 0x00, 0x00, 0x00, 0x9a,
    0xcf, 0xd0, 0x8f, 0x00, 0x00, 0x00, 0x00, 0x00,
    0xbf, 0xec, 0x30, 0x00, 0x00, 0x00, 0x00, 0x00,
    0x00, 0x00, 0x00, 0x00,

    /* U+884C "行" */
    0x00, 0x00, 0x00, 0x70, 0x00, 0x00, 0x00, 0x00,
    0x00, 0x00, 0x00, 0x00, 0x00, 0x9f, 0x70, 0x58,
    0x88, 0x88, 0x88, 0x88, 0x30, 0x00, 0x00, 0x7f,
    0xc0, 0x0a, 0xff, 0xff, 0xff, 0xff, 0xf7, 0x00,
    0x00, 0x6f, 0xd1, 0x00, 0x00, 0x00, 0x00, 0x00,
    0x00, 0x00, 0x00, 0x7f, 0xd1, 0x00, 0x00, 0x00,
    0x00, 0x00, 0x00, 0x00, 0x00, 0x8f, 0xc1, 0x00,
    0x00, 0x00, 0x00, 0x00, 0x00, 0x00, 0x00, 0x03,
    0xb0, 0x00, 0xd4, 0x00, 0x00, 0x00, 0x00, 0x00,
    0x00, 0x00, 0x00, 0x00, 0x9f, 0x50, 0x00, 0x00,
    0x00, 0x00, 0x00, 0x00, 0x00, 0x00, 0x6f, 0xa0,
    0xef, 0xff, 0xff, 0xff, 0xff, 0xff, 0x80, 0x00,
    0x4f, 0xe0, 0x07, 0x88, 0x88, 0x88, 0xfe, 0x88,
    0x84, 0x00, 0x4f, 0xfb, 0x00, 0x00, 0x00, 0x00,
    0x0e, 0xd0, 0x00, 0x00, 0x5f, 0xef, 0xb0, 0x00,
    0x00, 0x00, 0x00, 0xed, 0x00, 0x00, 0x5f, 0xe2,
    0xeb, 0x00, 0x00, 0x00, 0x00, 0x0e, 0xd0, 0x00,
    0x00, 0xb1, 0x0e, 0xb0, 0x00, 0x00, 0x00, 0x00,
    0xed, 0x00, 0x00, 0x00, 0x00, 0xeb, 0x00, 0x00,
    0x00, 0x00, 0x0e, 0xd0, 0x00, 0x00, 0x00, 0x0e,
    0xb0, 0x00, 0x00, 0x00, 0x00, 0xed, 0x00, 0x00,
    0x00, 0x00, 0xeb, 0x00, 0x00, 0x00, 0x00, 0x0e,
    0xd0, 0x00, 0x00, 0x00, 0x0e, 0xb0, 0x00, 0x00,
    0x00, 0x01, 0xfc, 0x00, 0x00, 0x00, 0x00, 0xeb,
    0x00, 0x00, 0x01, 0xcd, 0xff, 0x80, 0x00, 0x00,
    0x00, 0x0e, 0xb0, 0x00, 0x00, 0x0d, 0xeb, 0x70,
    0x00, 0x00,

    /* U+8BBE "设" */
    0x00, 0x10, 0x00, 0x00, 0x00, 0x00, 0x00, 0x00,
    0x00, 0x00, 0x01, 0xda, 0x00, 0x00, 0x28, 0x88,
    0x88, 0x88, 0x10, 0x00, 0x00, 0x9f, 0x80, 0x00,
    0x5f, 0xff, 0xff, 0xff, 0x20, 0x00, 0x00, 0x0b,
    0xf5, 0x00, 0x5f, 0x60, 0x00, 0x9f, 0x20, 0x00,
    0x00, 0x01, 0xed, 0x00, 0x6f, 0x50, 0x00, 0x9f,
    0x20, 0x00, 0x00, 0x00, 0x52, 0x00, 0xbf, 0x20,
    0x00, 0x9f, 0x40, 0x00, 0x00, 0x00, 0x00, 0x07,
    0xfc, 0x00, 0x00, 0x7f, 0xff, 0xf3, 0xbb, 0xbb,
    0x80, 0x5f, 0xe2, 0x00, 0x00, 0x06, 0x99, 0x90,
    0xee, 0xef, 0xb0, 0x08, 0x20, 0x00, 0x00, 0x00,
    0x00, 0x00, 0x00, 0x0f, 0xb0, 0x0c, 0xff, 0xff,
    0xff, 0xff, 0xf5, 0x00, 0x00, 0x0f, 0xb0, 0x08,
    0xbb, 0x99, 0x99, 0x9c, 0xf4, 0x00, 0x00, 0x0f,
    0xb0, 0x00, 0xed, 0x00, 0x00, 0x0d, 0xe0, 0x00,
    0x00, 0x0f, 0xb0, 0x00, 0x6f, 0x70, 0x00, 0x8f,
    0x50, 0x00, 0x00, 0x0f, 0xb0, 0x00, 0x0b, 0xf4,
    0x04, 0xfb, 0x00, 0x00, 0x00, 0x0f, 0xb0, 0x12,
    0x01, 0xef, 0x6f, 0xd1, 0x00, 0x00, 0x00, 0x0f,
    0xb3, 0xeb, 0x00, 0x2e, 0xfe, 0x10, 0x00, 0x00,
    0x00, 0x0f, 0xef, 0xe3, 0x01, 0x9f, 0xff, 0xa1,
    0x00, 0x00, 0x00, 0x1f, 0xfc, 0x11, 0x7e, 0xf9,
    0x1a, 0xff, 0x92, 0x00, 0x00, 0x7f, 0xa3, 0xaf,
    0xfc, 0x30, 0x00, 0x4d, 0xff, 0xb3, 0x00, 0x05,
    0x03, 0xfc, 0x40, 0x00, 0x00, 0x00, 0x5c, 0xf3,
    0x00, 0x00, 0x00, 0x10, 0x00, 0x00, 0x00, 0x00,
    0x00, 0x10,

    /* U+8D25 "败" */
    0x00, 0x00, 0x00, 0x00, 0x00, 0x00, 0x27, 0x20,
    0x00, 0x00, 0x00, 0x00, 0x00, 0x00, 0x00, 0x00,
    0x09, 0xf2, 0x00, 0x00, 0x00, 0x00, 0xef, 0xff,
    0xff, 0xf1, 0x00, 0xdd, 0x00, 0x00, 0x00, 0x00,
    0x0e, 0xc7, 0x77, 0xbf, 0x10, 0x3f, 0x80, 0x00,
    0x00, 0x00, 0x00, 0xe9, 0x03, 0x16, 0xf1, 0x08,
    0xff, 0xff, 0xff, 0xff, 0x40, 0x0e, 0x91, 0xf6,
    0x6f, 0x10, 0xfd, 0x77, 0x79, 0xfa, 0x72, 0x00,
    0xe9, 0x1f, 0x66, 0xf1, 0x7f, 0xc0, 0x00, 0x5f,
    0x40, 0x00, 0x0e, 0x91, 0xf6, 0x6f, 0x3f, 0xfe,
    0x00, 0x07, 0xf2, 0x00, 0x00, 0xe9, 0x1f, 0x66,
    0xfd, 0xfa, 0xf2, 0x00, 0xae, 0x00, 0x00, 0x0e,
    0x91, 0xf6, 0x6f, 0x6b, 0x0f, 0x60, 0x0e, 0xb0,
    0x00, 0x00, 0xe9, 0x1f, 0x66, 0xf1, 0x00, 0xcb,
    0x02, 0xf6, 0x00, 0x00, 0x0e, 0x91, 0xf5, 0x6f,
    0x10, 0x08, 0xf1, 0x8f, 0x10, 0x00, 0x00, 0xe9,
    0x2f, 0x56, 0xf1, 0x00, 0x2f, 0x9f, 0xa0, 0x00,
    0x00, 0x0e, 0x94, 0xf3, 0x6f, 0x10, 0x00, 0xaf,
    0xf2, 0x00, 0x00, 0x00, 0x32, 0x8f, 0x11, 0x20,
    0x00, 0x05, 0xfd, 0x00, 0x00, 0x00, 0x00, 0x1f,
    0x9c, 0x70, 0x00, 0x03, 0xfe, 0xf8, 0x00, 0x00,
    0x00, 0x0c, 0xe1, 0x8f, 0x60, 0x03, 0xee, 0x29,
    0xf8, 0x00, 0x00, 0x1c, 0xf4, 0x00, 0x9f, 0x36,
    0xfe, 0x20, 0x0a, 0xf9, 0x00, 0x3e, 0xf4, 0x00,
    0x00, 0x9a, 0xfd, 0x20, 0x00, 0x09, 0xfc, 0x23,
    0xd3, 0x00, 0x00, 0x06, 0xfa, 0x00, 0x00, 0x00,
    0x07, 0xf3, 0x00, 0x00, 0x00, 0x00, 0x03, 0x00,
    0x00, 0x00, 0x00, 0x01, 0x00,

    /* U+8DDD "距" */
    0x00, 0x7d, 0xdd, 0xdd, 0x70, 0x58, 0x88, 0x88,
    0x88, 0x88, 0x00, 0x09, 0xf9, 0x99, 0xf9, 0x0b,
    0xff, 0xff, 0xff, 0xff, 0xf1, 0x00, 0x9e, 0x00,
    0x0e, 0x90, 0xbe, 0x00, 0x00, 0x00, 0x00, 0x00,
    0x09, 0xe0, 0x00, 0xe9, 0x0b, 0xe0, 0x00, 0x00,
    0x00, 0x00, 0x00, 0x9e, 0x00, 0x0e, 0x90, 0xbe,
    0x00, 0x00, 0x00, 0x00, 0x00, 0x09, 0xe6, 0x66,
    0xf9, 0x0b, 0xf8, 0x88, 0x88, 0x87, 0x00, 0x00,
    0x9f, 0xff, 0xff, 0x90, 0xbf, 0xff, 0xff, 0xff,
    0xf0, 0x00, 0x00, 0x00, 0x9e, 0x00, 0x0b, 0xe1,
    0x11, 0x11, 0x9f, 0x00, 0x00, 0x31, 0x09, 0xe0,
    0x00, 0xbe, 0x00, 0x00, 0x09, 0xf0, 0x00, 0x0e,
    0x80, 0x9e, 0x00, 0x0b, 0xe0, 0x00, 0x00, 0x9f,
    0x00, 0x00, 0xe8, 0x09, 0xfa, 0xa5, 0xbe, 0x00,
    0x00, 0x09, 0xf0, 0x00, 0x0e, 0x80, 0x9f, 0xdd,
    0x6b, 0xfa, 0xaa, 0xaa, 0xdf, 0x00, 0x00, 0xe8,
    0x09, 0xe0, 0x00, 0xbf, 0xff, 0xff, 0xff, 0xe0,
    0x00, 0x0e, 0x80, 0x9e, 0x00, 0x0b, 0xe0, 0x00,
    0x00, 0x00, 0x00, 0x00, 0xe8, 0x09, 0xe0, 0x00,
    0xbe, 0x00, 0x00, 0x00, 0x00, 0x00, 0x0e, 0x80,
    0x9e, 0x00, 0x0b, 0xe0, 0x00, 0x00, 0x00, 0x00,
    0x00, 0xe8, 0x0a, 0xf9, 0xd9, 0xbe, 0x00, 0x00,
    0x00, 0x00, 0x04, 0x9f, 0xff, 0xff, 0xfd, 0x7b,
    0xf9, 0x99, 0x99, 0x99, 0x92, 0x5f, 0xda, 0x85,
    0x30, 0x00, 0xbf, 0xff, 0xff, 0xff, 0xff, 0x40,
    0x00, 0x00, 0x00, 0x00, 0x00, 0x00, 0x00, 0x00,
    0x00, 0x00,

    /* U+8FD8 "还" */
    0x00, 0x01, 0x00, 0x00, 0x00, 0x00, 0x00, 0x00,
    0x00, 0x00, 0x00, 0x05, 0xf3, 0x00, 0x00, 0x00,
    0x00, 0x00, 0x00, 0x00, 0x00, 0x00, 0x3f, 0xe2,
    0x06, 0xff, 0xff, 0xff, 0xff, 0xff, 0xfe, 0x00,
    0x00, 0x5f, 0xc0, 0x39, 0x99, 0x99, 0xdf, 0xa9,
    0x99, 0x80, 0x00, 0x00, 0x9f, 0x80, 0x00, 0x00,
    0x1f, 0xd0, 0x00, 0x00, 0x00, 0x00, 0x00, 0xd3,
    0x00, 0x00, 0x09, 0xf5, 0x00, 0x00, 0x00, 0x00,
    0x00, 0x00, 0x00, 0x00, 0x03, 0xfd, 0x00, 0x00,
    0x00, 0x00, 0x13, 0x33, 0x10, 0x00, 0x00, 0xdf,
    0xf3, 0x50, 0x00, 0x00, 0x05, 0xff, 0xf9, 0x00,
    0x00, 0x8f, 0xef, 0x8f, 0xa0, 0x00, 0x00, 0x15,
    0x5f, 0x90, 0x00, 0x5f, 0xc7, 0xf3, 0x9f, 0x90,
    0x00, 0x00, 0x00, 0xf9, 0x00, 0x3f, 0xe1, 0x7f,
    0x30, 0xaf, 0x90, 0x00, 0x00, 0x0f, 0x90, 0x3e,
    0xf3, 0x07, 0xf3, 0x00, 0xbf, 0x70, 0x00, 0x00,
    0xf9, 0x3f, 0xf4, 0x00, 0x7f, 0x30, 0x01, 0xdf,
    0x40, 0x00, 0x0f, 0x97, 0xf4, 0x00, 0x07, 0xf3,
    0x00, 0x02, 0xd1, 0x00, 0x00, 0xf9, 0x02, 0x00,
    0x00, 0x7f, 0x30, 0x00, 0x00, 0x00, 0x00, 0x2f,
    0xa0, 0x00, 0x00, 0x07, 0xf3, 0x00, 0x00, 0x00,
    0x00, 0x0d, 0xff, 0x70, 0x00, 0x00, 0x6e, 0x30,
    0x00, 0x00, 0x00, 0x0b, 0xf4, 0xbf, 0xb3, 0x00,
    0x00, 0x00, 0x00, 0x00, 0x00, 0x0a, 0xf7, 0x00,
    0x8f, 0xfe, 0xa9, 0x88, 0x88, 0x88, 0x89, 0x80,
    0x9a, 0x00, 0x00, 0x28, 0xbe, 0xff, 0xff, 0xff,
    0xff, 0xfa, 0x00, 0x00, 0x00, 0x00, 0x00, 0x00,
    0x01, 0x11, 0x11, 0x00, 0x00,

    /* U+8FDB "进" */
    0x00, 0x00, 0x00, 0x00, 0x00, 0x74, 0x00, 0x03,
    0x71, 0x00, 0x00, 0x06, 0xc0, 0x00, 0x00, 0x0f,
    0x90, 0x00, 0x7f, 0x20, 0x00, 0x00, 0x5f, 0xb0,
    0x00, 0x00, 0xf9, 0x00, 0x07, 0xf2, 0x00, 0x00,
    0x00, 0x8f, 0x80, 0x00, 0x0f, 0x90, 0x00, 0x7f,
    0x20, 0x00, 0x00, 0x00, 0xcf, 0x46, 0xee, 0xff,
    0xee, 0xef, 0xfe, 0xed, 0x00, 0x00, 0x02, 0xd1,
    0x4a, 0xaf, 0xda, 0xaa, 0xcf, 0xba, 0xa0, 0x00,
    0x00, 0x00, 0x00, 0x00, 0xf9, 0x00, 0x07, 0xf2,
    0x00, 0x00, 0x12, 0x22, 0x10, 0x00, 0x0f, 0x90,
    0x00, 0x7f, 0x20, 0x00, 0x07, 0xff, 0xf8, 0x00,
    0x00, 0xf9, 0x00, 0x07, 0xf2, 0x00, 0x00, 0x26,
    0x7f, 0x80, 0x00, 0x0f, 0x80, 0x00, 0x7f, 0x20,
    0x00, 0x00, 0x01, 0xf8, 0x1f, 0xff, 0xff, 0xff,
    0xff, 0xff, 0xff, 0xa0, 0x00, 0x1f, 0x80, 0x99,
    0xaf, 0xc9, 0x99, 0xcf, 0xa9, 0x96, 0x00, 0x01,
    0xf8, 0x00, 0x03, 0xf5, 0x00, 0x07, 0xf2, 0x00,
    0x00, 0x00, 0x1f, 0x80, 0x00, 0x8f, 0x20, 0x00,
    0x7f, 0x20, 0x00, 0x00, 0x01, 0xf8, 0x00, 0x1e,
    0xd0, 0x00, 0x07, 0xf2, 0x00, 0x00, 0x00, 0x4f,
    0x90, 0x0b, 0xf4, 0x00, 0x00, 0x7f, 0x20, 0x00,
    0x00, 0x1e, 0xff, 0x62, 0xe9, 0x00, 0x00, 0x07,
    0xf2, 0x00, 0x00, 0x0c, 0xf2, 0xbf, 0xb4, 0x00,
    0x00, 0x00, 0x00, 0x00, 0x00, 0x0b, 0xf5, 0x00,
    0x9f, 0xfe, 0xa9, 0x87, 0x77, 0x78, 0x89, 0x70,
    0xa9, 0x00, 0x00, 0x28, 0xcf, 0xff, 0xff, 0xff,
    0xff, 0xf8, 0x00, 0x00, 0x00, 0x00, 0x00, 0x00,
    0x01, 0x11, 0x11, 0x00, 0x00,

    /* U+8FDE "连" */
    0x00, 0x00, 0x00, 0x00, 0x00, 0x02, 0xc4, 0x00,
    0x00, 0x00, 0x00, 0x00, 0x6e, 0x30, 0x00, 0x00,
    0x08, 0xf2, 0x00, 0x00, 0x00, 0x00, 0x00, 0x2f,
    0xe1, 0x02, 0x33, 0x3e, 0xd3, 0x33, 0x33, 0x33,
    0x00, 0x00, 0x05, 0xfb, 0x09, 0xff, 0xff, 0xff,
    0xff, 0xff, 0xff, 0x10, 0x00, 0x00, 0xaf, 0x62,
    0x44, 0xee, 0x44, 0x44, 0x44, 0x44, 0x00, 0x00,
    0x00, 0x1d, 0x30, 0x04, 0xf7, 0x07, 0x70, 0x00,
    0x00, 0x00, 0x00, 0x00, 0x00, 0x00, 0x0c, 0xf1,
    0x0c, 0xe0, 0x00, 0x00, 0x00, 0x02, 0x77, 0x73,
    0x00, 0x4f, 0x70, 0x0c, 0xe0, 0x00, 0x00, 0x00,
    0x06, 0xff, 0xf9, 0x00, 0xbf, 0xbb, 0xbe, 0xfb,
    0xbb, 0xb5, 0x00, 0x00, 0x22, 0xf9, 0x00, 0x9d,
    0xdd, 0xdf, 0xfd, 0xdd, 0xd6, 0x00, 0x00, 0x00,
    0xf9, 0x00, 0x00, 0x00, 0x0c, 0xe0, 0x00, 0x00,
    0x00, 0x00, 0x00, 0xf9, 0x00, 0x00, 0x00, 0x0c,
    0xe0, 0x00, 0x00, 0x00, 0x00, 0x00, 0xf9, 0x04,
    0x44, 0x44, 0x4d, 0xe4, 0x44, 0x44, 0x30, 0x00,
    0x00, 0xf9, 0x3f, 0xff, 0xff, 0xff, 0xff, 0xff,
    0xff, 0xc0, 0x00, 0x00, 0xf9, 0x03, 0x33, 0x33,
    0x3d, 0xe3, 0x33, 0x33, 0x20, 0x00, 0x04, 0xfa,
    0x00, 0x00, 0x00, 0x0c, 0xe0, 0x00, 0x00, 0x00,
    0x00, 0x1e, 0xef, 0x80, 0x00, 0x00, 0x0c, 0xe0,
    0x00, 0x00, 0x00, 0x00, 0xcf, 0x2a, 0xfc, 0x30,
    0x00, 0x00, 0x00, 0x00, 0x00, 0x00, 0x0b, 0xf6,
    0x00, 0x8f, 0xfe, 0xb9, 0x88, 0x88, 0x88, 0x89,
    0xa0, 0x0a, 0x90, 0x00, 0x02, 0x8b, 0xef, 0xff,
    0xff, 0xff, 0xff, 0xd0, 0x00, 0x00, 0x00, 0x00,
    0x00, 0x00, 0x01, 0x11, 0x11, 0x10, 0x00,

    /* U+9000 "退" */
    0x00, 0x4b, 0x00, 0x00, 0x47, 0x77, 0x77, 0x77,
    0x77, 0x30, 0x00, 0x00, 0x5f, 0xb0, 0x00, 0x9f,
    0xff, 0xff, 0xff, 0xff, 0x60, 0x00, 0x00, 0x07,
    0xf9, 0x00, 0x9e, 0x00, 0x00, 0x00, 0x1f, 0x60,
    0x00, 0x00, 0x00, 0xbf, 0x20, 0x9f, 0x44, 0x44,
    0x44, 0x5f, 0x60, 0x00, 0x00, 0x00, 0x15, 0x00,
    0x9f, 0xff, 0xff, 0xff, 0xff, 0x60, 0x00, 0x00,
    0x00, 0x00, 0x00, 0x9e, 0x22, 0x22, 0x22, 0x3f,
    0x60, 0x00, 0x02, 0x66, 0x63, 0x00, 0x9e, 0x00,
    0x00, 0x00, 0x1f, 0x60, 0x00, 0x07, 0xff, 0xf8,
    0x00, 0x9f, 0xff, 0xff, 0xff, 0xff, 0x60, 0x00,
    0x01, 0x23, 0xf8, 0x00, 0x9f, 0x88, 0x88, 0x88,
    0x88, 0x63, 0x00, 0x00, 0x01, 0xf8, 0x00, 0x9e,
    0x00, 0x50, 0x00, 0x04, 0xfc, 0x00, 0x00, 0x01,
    0xf8, 0x00, 0x9e, 0x02, 0xfd, 0x30, 0x8f, 0xb1,
    0x00, 0x00, 0x01, 0xf8, 0x00, 0x9e, 0x00, 0x2c,
    0xfe, 0xf8, 0x00, 0x00, 0x00, 0x01, 0xf8, 0x00,
    0x9e, 0x00, 0x00, 0x8f, 0xe2, 0x00, 0x00, 0x00,
    0x01, 0xf8, 0x00, 0x9e, 0x02, 0x79, 0x04, 0xef,
    0x60, 0x00, 0x00, 0x02, 0xf8, 0x00, 0xcf, 0xdf,
    0xfe, 0x00, 0x1c, 0xfa, 0x00, 0x00, 0x0c, 0xfe,
    0x32, 0xff, 0xc7, 0x30, 0x00, 0x00, 0x99, 0x00,
    0x00, 0xbf, 0x8e, 0xf8, 0x71, 0x00, 0x00, 0x00,
    0x00, 0x00, 0x00, 0x0a, 0xf8, 0x02, 0xcf, 0xfd,
    0xa8, 0x87, 0x77, 0x77, 0x88, 0x90, 0x0b, 0xa0,
    0x00, 0x03, 0x9c, 0xff, 0xff, 0xff, 0xff, 0xff,
    0xd0, 0x00, 0x00, 0x00, 0x00, 0x00, 0x00, 0x01,
    0x11, 0x11, 0x10, 0x00,

    /* U+957F "长" */
    0x00, 0x02, 0xb5, 0x00, 0x00, 0x00, 0x00, 0x00,
    0x00, 0x00, 0x00, 0x03, 0xf8, 0x00, 0x00, 0x00,
    0x00, 0x19, 0x60, 0x00, 0x00, 0x03, 0xf8, 0x00,
    0x00, 0x00, 0x06, 0xef, 0xb0, 0x00, 0x00, 0x03,
    0xf8, 0x00, 0x00, 0x06, 0xef, 0xe6, 0x00, 0x00,
    0x00, 0x03, 0xf8, 0x00, 0x28, 0xef, 0xe7, 0x00,
    0x00, 0x00, 0x00, 0x03, 0xf8, 0x6d, 0xff, 0xd7,
    0x00, 0x00, 0x00, 0x00, 0x00, 0x03, 0xf8, 0x5f,
    0xa4, 0x00, 0x00, 0x00, 0x00, 0x00, 0x00, 0x03,
    0xf8, 0x00, 0x00, 0x00, 0x00, 0x00, 0x00, 0x00,
    0x89, 0x9a, 0xfc, 0x99, 0x99, 0x99, 0x99, 0x99,
    0x99, 0x90, 0xdf, 0xff, 0xff, 0xff, 0xff, 0xff,
    0xff, 0xff, 0xff, 0xf1, 0x01, 0x13, 0xf8, 0x11,
    0x8f, 0x71, 0x11, 0x11, 0x11, 0x10, 0x00, 0x03,
    0xf8, 0x00, 0x0e, 0xe0, 0x00, 0x00, 0x00, 0x00,
    0x00, 0x03, 0xf8, 0x00, 0x06, 0xfa, 0x00, 0x00,
    0x00, 0x00, 0x00, 0x03, 0xf8, 0x00, 0x00, 0xaf,
    0x70, 0x00, 0x00, 0x00, 0x00, 0x03, 0xf8, 0x00,
    0x00, 0x0c, 0xf8, 0x00, 0x00, 0x00, 0x00, 0x03,
    0xf8, 0x00, 0x00, 0x51, 0xcf, 0xc2, 0x00, 0x00,
    0x00, 0x03, 0xf8, 0x03, 0x9e, 0xf2, 0x0a, 0xff,
    0x92, 0x00, 0x00, 0x04, 0xfc, 0xdf, 0xfc, 0x60,
    0x00, 0x4d, 0xff, 0xb3, 0x00, 0x0d, 0xff, 0xe9,
    0x20, 0x00, 0x00, 0x00, 0x7e, 0xe1, 0x00, 0x07,
    0xc5, 0x00, 0x00, 0x00, 0x00, 0x00, 0x00, 0x20,
    0x00, 0x00, 0x00, 0x00, 0x00, 0x00, 0x00, 0x00,
    0x00, 0x00,

    /* U+95F4 "间" */
    0x02, 0x10, 0x00, 0x00, 0x00, 0x00, 0x00, 0x00,
    0x00, 0x0e, 0xd1, 0x00, 0x00, 0x00, 0x00, 0x00,
    0x00, 0x00, 0x04, 0xfd, 0x15, 0xff, 0xff, 0xff,
    0xff, 0xff, 0xf1, 0x00, 0x3f, 0xd3, 0x99, 0x99,
    0x99, 0x99, 0x9d, 0xf1, 0x58, 0x04, 0x90, 0x00,
    0x00, 0x00, 0x00, 0x09, 0xf1, 0x9f, 0x10, 0x00,
    0x00, 0x00, 0x00, 0x00, 0x09, 0xf1, 0x9f, 0x10,
    0x1f, 0xff, 0xff, 0xff, 0xe0, 0x09, 0xf1, 0x9f,
    0x10, 0x1f, 0xc9, 0x99, 0x9d, 0xe0, 0x09, 0xf1,
    0x9f, 0x10, 0x1f, 0x70, 0x00, 0x0a, 0xe0, 0x09,
    0xf1, 0x9f, 0x10, 0x1f, 0x70, 0x00, 0x0a, 0xe0,
    0x09, 0xf1, 0x9f, 0x10, 0x1f, 0xc8, 0x88, 0x8d,
    0xe0, 0x09, 0xf1, 0x9f, 0x10, 0x1f, 0xff, 0xff,
    0xff, 0xe0, 0x09, 0xf1, 0x9f, 0x10, 0x1f, 0x80,
    0x00, 0x0a, 0xe0, 0x09, 0xf1, 0x9f, 0x10, 0x1f,
    0x70, 0x00, 0x0a, 0xe0, 0x09, 0xf1, 0x9f, 0x10,
    0x1f, 0x70, 0x00, 0x0a, 0xe0, 0x09, 0xf1, 0x9f,
    0x10, 0x1f, 0xff, 0xff, 0xff, 0xe0, 0x09, 0xf1,
    0x9f, 0x10, 0x0a, 0xaa, 0xaa, 0xaa, 0x90, 0x09,
    0xf1, 0x9f, 0x10, 0x00, 0x00, 0x00, 0x00, 0x00,
    0x0c, 0xf0, 0x9f, 0x10, 0x00, 0x00, 0x00, 0x00,
    0x5a, 0xdf, 0xd0, 0x9f, 0x10, 0x00, 0x00, 0x00,
    0x00, 0x4f, 0xeb, 0x30, 0x00, 0x00, 0x00, 0x00,
    0x00, 0x00, 0x00, 0x00, 0x00
};

/*---------------------
 *  GLYPH DESCRIPTION
 *--------------------*/

static const lv_font_fmt_txt_glyph_dsc_t glyph_dsc[] = {
    {.bitmap_index = 0, .adv_w = 0, .box_w = 0, .box_h = 0, .ofs_x = 0, .ofs_y = 0} /* id = 0 reserved */,
    {.bitmap_index = 0, .adv_w = 90, .box_w = 0, .box_h = 0, .ofs_x = 0, .ofs_y = 0},
    {.bitmap_index = 0, .adv_w = 127, .box_w = 4, .box_h = 15, .ofs_x = 2, .ofs_y = 0},
    {.bitmap_index = 30, .adv_w = 143, .box_w = 7, .box_h = 7, .ofs_x = 1, .ofs_y = 9},
    {.bitmap_index = 55, .adv_w = 211, .box_w = 13, .box_h = 15, .ofs_x = 0, .ofs_y = 0},
    {.bitmap_index = 153, .adv_w = 202, .box_w = 10, .box_h = 20, .ofs_x = 1, .ofs_y = -3},
    {.bitmap_index = 253, .adv_w = 289, .box_w = 16, .box_h = 15, .ofs_x = 1, .ofs_y = 0},
    {.bitmap_index = 373, .adv_w = 225, .box_w = 15, .box_h = 15, .ofs_x = 0, .ofs_y = 0},
    {.bitmap_index = 486, .adv_w = 89, .box_w = 3, .box_h = 7, .ofs_x = 1, .ofs_y = 9},
    {.bitmap_index = 497, .adv_w = 126, .box_w = 6, .box_h = 20, .ofs_x = 1, .ofs_y = -4},
    {.bitmap_index = 557, .adv_w = 126, .box_w = 6, .box_h = 20, .ofs_x = 1, .ofs_y = -4},
    {.bitmap_index = 617, .adv_w = 151, .box_w = 9, .box_h = 8, .ofs_x = 0, .ofs_y = 8},
    {.bitmap_index = 653, .adv_w = 194, .box_w = 12, .box_h = 11, .ofs_x = 0, .ofs_y = 1},
    {.bitmap_index = 719, .adv_w = 106, .box_w = 5, .box_h = 6, .ofs_x = 0, .ofs_y = -3},
    {.bitmap_index = 734, .adv_w = 155, .box_w = 8, .box_h = 2, .ofs_x = 1, .ofs_y = 6},
    {.bitmap_index = 742, .adv_w = 106, .box_w = 4, .box_h = 3, .ofs_x = 1, .ofs_y = 0},
    {.bitmap_index = 748, .adv_w = 176, .box_w = 9, .box_h = 17, .ofs_x = 1, .ofs_y = -1},
    {.bitmap_index = 825, .adv_w = 202, .box_w = 11, .box_h = 15, .ofs_x = 1, .ofs_y = 0},
    {.bitmap_index = 908, .adv_w = 202, .box_w = 6, .box_h = 15, .ofs_x = 2, .ofs_y = 0},
    {.bitmap_index = 953, .adv_w = 202, .box_w = 11, .box_h = 15, .ofs_x = 1, .ofs_y = 0},
    {.bitmap_index = 1036, .adv_w = 202, .box_w = 10, .box_h = 15, .ofs_x = 1, .ofs_y = 0},
    {.bitmap_index = 1111, .adv_w = 202, .box_w = 12, .box_h = 15, .ofs_x = 0, .ofs_y = 0},
    {.bitmap_index = 1201, .adv_w = 202, .box_w = 11, .box_h = 15, .ofs_x = 1, .ofs_y = 0},
    {.bitmap_index = 1284, .adv_w = 202, .box_w = 11, .box_h = 15, .ofs_x = 1, .ofs_y = 0},
    {.bitmap_index = 1367, .adv_w = 202, .box_w = 11, .box_h = 15, .ofs_x = 1, .ofs_y = 0},
    {.bitmap_index = 1450, .adv_w = 202, .box_w = 11, .box_h = 15, .ofs_x = 1, .ofs_y = 0},
    {.bitmap_index = 1533, .adv_w = 202, .box_w = 11, .box_h = 15, .ofs_x = 1, .ofs_y = 0},
    {.bitmap_index = 1616, .adv_w = 133, .box_w = 4, .box_h = 12, .ofs_x = 2, .ofs_y = 0},
    {.bitmap_index = 1640, .adv_w = 133, .box_w = 5, .box_h = 15, .ofs_x = 1, .ofs_y = -3},
    {.bitmap_index = 1678, .adv_w = 194, .box_w = 12, .box_h = 13, .ofs_x = 0, .ofs_y = 0},
    {.bitmap_index = 1756, .adv_w = 194, .box_w = 12, .box_h = 7, .ofs_x = 0, .ofs_y = 3},
    {.bitmap_index = 1798, .adv_w = 194, .box_w = 12, .box_h = 13, .ofs_x = 0, .ofs_y = 0},
    {.bitmap_index = 1876, .adv_w = 152, .box_w = 9, .box_h = 15, .ofs_x = 0, .ofs_y = 0},
    {.bitmap_index = 1944, .adv_w = 303, .box_w = 18, .box_h = 18, .ofs_x = 1, .ofs_y = -3},
    {.bitmap_index = 2106, .adv_w = 235, .box_w = 15, .box_h = 15, .ofs_x = 0, .ofs_y = 0},
    {.bitmap_index = 2219, .adv_w = 218, .box_w = 11, .box_h = 15, .ofs_x = 2, .ofs_y = 0},
    {.bitmap_index = 2302, .adv_w = 211, .box_w = 12, .box_h = 15, .ofs_x = 1, .ofs_y = 0},
    {.bitmap_index = 2392, .adv_w = 246, .box_w = 12, .box_h = 15, .ofs_x = 2, .ofs_y = 0},
    {.bitmap_index = 2482, .adv_w = 196, .box_w = 10, .box_h = 15, .ofs_x = 2, .ofs_y = 0},
    {.bitmap_index = 2557, .adv_w = 186, .box_w = 9, .box_h = 15, .ofs_x = 2, .ofs_y = 0},
    {.bitmap_index = 2625, .adv_w = 241, .box_w = 13, .box_h = 15, .ofs_x = 1, .ofs_y = 0},
    {.bitmap_index = 2723, .adv_w = 249, .box_w = 12, .box_h = 15, .ofs_x = 2, .ofs_y = 0},
    {.bitmap_index = 2813, .adv_w = 96, .box_w = 2, .box_h = 15, .ofs_x = 2, .ofs_y = 0},
    {.bitmap_index = 2828, .adv_w = 95, .box_w = 7, .box_h = 19, .ofs_x = -2, .ofs_y = -4},
    {.bitmap_index = 2895, .adv_w = 216, .box_w = 12, .box_h = 15, .ofs_x = 2, .ofs_y = 0},
    {.bitmap_index = 2985, .adv_w = 178, .box_w = 9, .box_h = 15, .ofs_x = 2, .ofs_y = 0},
    {.bitmap_index = 3053, .adv_w = 292, .box_w = 15, .box_h = 15, .ofs_x = 2, .ofs_y = 0},
    {.bitmap_index = 3166, .adv_w = 259, .box_w = 13, .box_h = 15, .ofs_x = 2, .ofs_y = 0},
    {.bitmap_index = 3264, .adv_w = 262, .box_w = 14, .box_h = 15, .ofs_x = 1, .ofs_y = 0},
    {.bitmap_index = 3369, .adv_w = 210, .box_w = 10, .box_h = 15, .ofs_x = 2, .ofs_y = 0},
    {.bitmap_index = 3444, .adv_w = 262, .box_w = 14, .box_h = 18, .ofs_x = 1, .ofs_y = -3},
    {.bitmap_index = 3570, .adv_w = 216, .box_w = 12, .box_h = 15, .ofs_x = 2, .ofs_y = 0},
    {.bitmap_index = 3660, .adv_w = 199, .box_w = 11, .box_h = 15, .ofs_x = 1, .ofs_y = 0},
    {.bitmap_index = 3743, .adv_w = 186, .box_w = 12, .box_h = 15, .ofs_x = 0, .ofs_y = 0},
    {.bitmap_index = 3833, .adv_w = 247, .box_w = 13, .box_h = 15, .ofs_x = 1, .ofs_y = 0},
    {.bitmap_index = 3931, .adv_w = 217, .box_w = 14, .box_h = 15, .ofs_x = 0, .ofs_y = 0},
    {.bitmap_index = 4036, .adv_w = 316, .box_w = 20, .box_h = 15, .ofs_x = 0, .ofs_y = 0},
    {.bitmap_index = 4186, .adv_w = 220, .box_w = 14, .box_h = 15, .ofs_x = 0, .ofs_y = 0},
    {.bitmap_index = 4291, .adv_w = 209, .box_w = 13, .box_h = 15, .ofs_x = 0, .ofs_y = 0},
    {.bitmap_index = 4389, .adv_w = 220, .box_w = 12, .box_h = 15, .ofs_x = 1, .ofs_y = 0},
    {.bitmap_index = 4479, .adv_w = 103, .box_w = 5, .box_h = 20, .ofs_x = 1, .ofs_y = -4},
    {.bitmap_index = 4529, .adv_w = 180, .box_w = 11, .box_h = 19, .ofs_x = 0, .ofs_y = -3},
    {.bitmap_index = 4634, .adv_w = 103, .box_w = 5, .box_h = 20, .ofs_x = 0, .ofs_y = -4},
    {.bitmap_index = 4684, .adv_w = 194, .box_w = 10, .box_h = 9, .ofs_x = 1, .ofs_y = 7},
    {.bitmap_index = 4729, .adv_w = 176, .box_w = 11, .box_h = 2, .ofs_x = 0, .ofs_y = -4},
    {.bitmap_index = 4740, .adv_w = 122, .box_w = 5, .box_h = 3, .ofs_x = 1, .ofs_y = 13},
    {.bitmap_index = 4748, .adv_w = 215, .box_w = 11, .box_h = 12, .ofs_x = 1, .ofs_y = 0},
    {.bitmap_index = 4814, .adv_w = 224, .box_w = 11, .box_h = 16, .ofs_x = 2, .ofs_y = 0},
    {.bitmap_index = 4902, .adv_w = 175, .box_w = 9, .box_h = 12, .ofs_x = 1, .ofs_y = 0},
    {.bitmap_index = 4956, .adv_w = 224, .box_w = 11, .box_h = 16, .ofs_x = 1, .ofs_y = 0},
    {.bitmap_index = 5044, .adv_w = 203, .box_w = 11, .box_h = 12, .ofs_x = 1, .ofs_y = 0},
    {.bitmap_index = 5110, .adv_w = 123, .box_w = 8, .box_h = 16, .ofs_x = 0, .ofs_y = 0},
    {.bitmap_index = 5174, .adv_w = 224, .box_w = 11, .box_h = 16, .ofs_x = 1, .ofs_y = -4},
    {.bitmap_index = 5262, .adv_w = 218, .box_w = 10, .box_h = 16, .ofs_x = 2, .ofs_y = 0},
    {.bitmap_index = 5342, .adv_w = 94, .box_w = 4, .box_h = 16, .ofs_x = 1, .ofs_y = 0},
    {.bitmap_index = 5374, .adv_w = 94, .box_w = 7, .box_h = 20, .ofs_x = -2, .ofs_y = -4},
    {.bitmap_index = 5444, .adv_w = 182, .box_w = 10, .box_h = 16, .ofs_x = 2, .ofs_y = 0},
    {.bitmap_index = 5524, .adv_w = 101, .box_w = 4, .box_h = 16, .ofs_x = 2, .ofs_y = 0},
    {.bitmap_index = 5556, .adv_w = 324, .box_w = 17, .box_h = 12, .ofs_x = 2, .ofs_y = 0},
    {.bitmap_index = 5658, .adv_w = 218, .box_w = 10, .box_h = 12, .ofs_x = 2, .ofs_y = 0},
    {.bitmap_index = 5718, .adv_w = 218, .box_w = 12, .box_h = 12, .ofs_x = 1, .ofs_y = 0},
    {.bitmap_index = 5790, .adv_w = 224, .box_w = 11, .box_h = 16, .ofs_x = 2, .ofs_y = -4},
    {.bitmap_index = 5878, .adv_w = 224, .box_w = 12, .box_h = 16, .ofs_x = 1, .ofs_y = -4},
    {.bitmap_index = 5974, .adv_w = 133, .box_w = 6, .box_h = 12, .ofs_x = 2, .ofs_y = 0},
    {.bitmap_index = 6010, .adv_w = 169, .box_w = 9, .box_h = 12, .ofs_x = 1, .ofs_y = 0},
    {.bitmap_index = 6064, .adv_w = 119, .box_w = 7, .box_h = 15, .ofs_x = 0, .ofs_y = 0},
    {.bitmap_index = 6117, .adv_w = 216, .box_w = 11, .box_h = 12, .ofs_x = 1, .ofs_y = 0},
    {.bitmap_index = 6183, .adv_w = 185, .box_w = 12, .box_h = 12, .ofs_x = 0, .ofs_y = 0},
    {.bitmap_index = 6255, .adv_w = 291, .box_w = 18, .box_h = 12, .ofs_x = 0, .ofs_y = 0},
    {.bitmap_index = 6363, .adv_w = 182, .box_w = 12, .box_h = 12, .ofs_x = 0, .ofs_y = 0},
    {.bitmap_index = 6435, .adv_w = 186, .box_w = 12, .box_h = 16, .ofs_x = 0, .ofs_y = -4},
    {.bitmap_index = 6531, .adv_w = 178, .box_w = 11, .box_h = 12, .ofs_x = 0, .ofs_y = 0},
    {.bitmap_index = 6597, .adv_w = 105, .box_w = 5, .box_h = 20, .ofs_x = 1, .ofs_y = -4},
    {.bitmap_index = 6647, .adv_w = 64, .box_w = 2, .box_h = 20, .ofs_x = 1, .ofs_y = -4},
    {.bitmap_index = 6667, .adv_w = 105, .box_w = 6, .box_h = 20, .ofs_x = 0, .ofs_y = -4},
    {.bitmap_index = 6727, .adv_w = 194, .box_w = 12, .box_h = 4, .ofs_x = 0, .ofs_y = 5},
    {.bitmap_index = 6751, .adv_w = 346, .box_w = 5, .box_h = 20, .ofs_x = 13, .ofs_y = -2},
    {.bitmap_index = 6801, .adv_w = 346, .box_w = 6, .box_h = 20, .ofs_x = 3, .ofs_y = -2},
    {.bitmap_index = 6861, .adv_w = 346, .box_w = 17, .box_h = 21, .ofs_x = 2, .ofs_y = -2},
    {.bitmap_index = 7040, .adv_w = 346, .box_w = 19, .box_h = 19, .ofs_x = 1, .ofs_y = -2},
    {.bitmap_index = 7221, .adv_w = 346, .box_w = 21, .box_h = 21, .ofs_x = 0, .ofs_y = -3},
    {.bitmap_index = 7442, .adv_w = 346, .box_w = 18, .box_h = 20, .ofs_x = 2, .ofs_y = -2},
    {.bitmap_index = 7622, .adv_w = 346, .box_w = 20, .box_h = 21, .ofs_x = 0, .ofs_y = -3},
    {.bitmap_index = 7832, .adv_w = 346, .box_w = 17, .box_h = 20, .ofs_x = 2, .ofs_y = -3},
    {.bitmap_index = 8002, .adv_w = 346, .box_w = 19, .box_h = 20, .ofs_x = 2, .ofs_y = -2},
    {.bitmap_index = 8192, .adv_w = 346, .box_w = 21, .box_h = 20, .ofs_x = 0, .ofs_y = -2},
    {.bitmap_index = 8402, .adv_w = 346, .box_w = 22, .box_h = 20, .ofs_x = 0, .ofs_y = -2},
    {.bitmap_index = 8622, .adv_w = 346, .box_w = 20, .box_h = 20, .ofs_x = 1, .ofs_y = -3},
    {.bitmap_index = 8822, .adv_w = 346, .box_w = 20, .box_h = 21, .ofs_x = 1, .ofs_y = -3},
    {.bitmap_index = 9032, .adv_w = 346, .box_w = 20, .box_h = 21, .ofs_x = 0, .ofs_y = -3},
    {.bitmap_index = 9242, .adv_w = 346, .box_w = 20, .box_h = 19, .ofs_x = 1, .ofs_y = -2},
    {.bitmap_index = 9432, .adv_w = 346, .box_w = 20, .box_h = 21, .ofs_x = 1, .ofs_y = -2},
    {.bitmap_index = 9642, .adv_w = 346, .box_w = 18, .box_h = 21, .ofs_x = 1, .ofs_y = -3},
    {.bitmap_index = 9831, .adv_w = 346, .box_w = 21, .box_h = 21, .ofs_x = 0, .ofs_y = -2},
    {.bitmap_index = 10052, .adv_w = 346, .box_w = 21, .box_h = 21, .ofs_x = 0, .ofs_y = -3},
    {.bitmap_index = 10273, .adv_w = 346, .box_w = 21, .box_h = 21, .ofs_x = 0, .ofs_y = -3},
    {.bitmap_index = 10494, .adv_w = 346, .box_w = 21, .box_h = 21, .ofs_x = 0, .ofs_y = -3},
    {.bitmap_index = 10715, .adv_w = 346, .box_w = 14, .box_h = 19, .ofs_x = 4, .ofs_y = -2},
    {.bitmap_index = 10848, .adv_w = 346, .box_w = 19, .box_h = 21, .ofs_x = 2, .ofs_y = -3},
    {.bitmap_index = 11048, .adv_w = 346, .box_w = 21, .box_h = 20, .ofs_x = 0, .ofs_y = -3},
    {.bitmap_index = 11258, .adv_w = 346, .box_w = 17, .box_h = 20, .ofs_x = 1, .ofs_y = -3},
    {.bitmap_index = 11428, .adv_w = 346, .box_w = 21, .box_h = 20, .ofs_x = 0, .ofs_y = -2},
    {.bitmap_index = 11638, .adv_w = 346, .box_w = 20, .box_h = 18, .ofs_x = 1, .ofs_y = -1},
    {.bitmap_index = 11818, .adv_w = 346, .box_w = 20, .box_h = 21, .ofs_x = 1, .ofs_y = -3},
    {.bitmap_index = 12028, .adv_w = 346, .box_w = 20, .box_h = 21, .ofs_x = 1, .ofs_y = -3},
    {.bitmap_index = 12238, .adv_w = 346, .box_w = 21, .box_h = 20, .ofs_x = 0, .ofs_y = -2},
    {.bitmap_index = 12448, .adv_w = 346, .box_w = 20, .box_h = 22, .ofs_x = 1, .ofs_y = -3},
    {.bitmap_index = 12668, .adv_w = 346, .box_w = 22, .box_h = 21, .ofs_x = 0, .ofs_y = -2},
    {.bitmap_index = 12899, .adv_w = 346, .box_w = 18, .box_h = 20, .ofs_x = 2, .ofs_y = -3},
    {.bitmap_index = 13079, .adv_w = 346, .box_w = 21, .box_h = 20, .ofs_x = 0, .ofs_y = -2},
    {.bitmap_index = 13289, .adv_w = 346, .box_w = 20, .box_h = 21, .ofs_x = 1, .ofs_y = -3},
    {.bitmap_index = 13499, .adv_w = 346, .box_w = 21, .box_h = 21, .ofs_x = 0, .ofs_y = -3},
    {.bitmap_index = 13720, .adv_w = 346, .box_w = 21, .box_h = 20, .ofs_x = 0, .ofs_y = -3},
    {.bitmap_index = 13930, .adv_w = 346, .box_w = 21, .box_h = 21, .ofs_x = 0, .ofs_y = -3},
    {.bitmap_index = 14151, .adv_w = 346, .box_w = 21, .box_h = 21, .ofs_x = 0, .ofs_y = -3},
    {.bitmap_index = 14372, .adv_w = 346, .box_w = 22, .box_h = 21, .ofs_x = 0, .ofs_y = -3},
    {.bitmap_index = 14603, .adv_w = 346, .box_w = 22, .box_h = 20, .ofs_x = 0, .ofs_y = -3},
    {.bitmap_index = 14823, .adv_w = 346, .box_w = 20, .box_h = 21, .ofs_x = 1, .ofs_y = -3},
    {.bitmap_index = 15033, .adv_w = 346, .box_w = 18, .box_h = 21, .ofs_x = 2, .ofs_y = -3}
};

/*---------------------
 *  CHARACTER MAPPING
 *--------------------*/

static const uint16_t unicode_list_1[] = {
    0x00, 0x01, 0x1e1d, 0x1e76, 0x1eba, 0x21ea, 0x228f, 0x23fc,
    0x25a5, 0x2718, 0x28f7, 0x2919, 0x2921, 0x2966, 0x2b40, 0x2b8d,
    0x2c71, 0x2e64, 0x3200, 0x32f9, 0x3395, 0x35d5, 0x35e6, 0x361f,
    0x36f8, 0x36f9, 0x3b53, 0x3b55, 0x3db7, 0x46c2, 0x49ab, 0x4ecc,
    0x4f41, 0x583c, 0x5bae, 0x5d15, 0x5dcd, 0x5fc8, 0x5fcb, 0x5fce,
    0x5ff0, 0x656f, 0x65e4
};

/*Collect the unicode lists and glyph_id offsets*/
static const lv_font_fmt_txt_cmap_t cmaps[] =
{
    {
        .range_start = 32, .range_length = 95, .glyph_id_start = 1,
        .unicode_list = NULL, .glyph_id_ofs_list = NULL, .list_length = 0, .type = LV_FONT_FMT_TXT_CMAP_FORMAT0_TINY
    },
    {
        .range_start = 12304, .range_length = 26085, .glyph_id_start = 96,
        .unicode_list = unicode_list_1, .glyph_id_ofs_list = NULL, .list_length = 43, .type = LV_FONT_FMT_TXT_CMAP_SPARSE_TINY
    }
};

/*-----------------
 *    KERNING
 *----------------*/

/*Map glyph_ids to kern left classes*/
static const uint8_t kern_left_class_mapping[] =
{
    0, 0, 0, 1, 0, 0, 0, 0,
    1, 2, 0, 0, 0, 3, 0, 3,
    4, 0, 5, 0, 0, 0, 0, 0,
    6, 0, 0, 7, 7, 0, 0, 0,
    0, 0, 8, 9, 0, 10, 11, 12,
    13, 0, 0, 14, 15, 16, 0, 0,
    10, 17, 18, 19, 20, 21, 22, 23,
    24, 15, 25, 26, 27, 0, 0, 0,
    0, 0, 28, 29, 0, 0, 30, 31,
    0, 32, 33, 34, 35, 36, 32, 32,
    29, 29, 37, 38, 39, 40, 41, 42,
    43, 35, 42, 44, 45, 0, 0, 0,
    0, 0, 0, 0, 0, 0, 0, 0,
    0, 0, 0, 0, 0, 0, 0, 0,
    0, 0, 0, 0, 0, 0, 0, 0,
    0, 0, 0, 0, 0, 0, 0, 0,
    0, 0, 0, 0, 0, 0, 0, 0,
    0, 0, 0
};

/*Map glyph_ids to kern right classes*/
static const uint8_t kern_right_class_mapping[] =
{
    0, 0, 0, 1, 0, 0, 0, 0,
    2, 0, 3, 4, 0, 5, 0, 5,
    6, 0, 7, 0, 0, 0, 0, 0,
    8, 0, 9, 10, 10, 0, 0, 0,
    11, 0, 12, 0, 13, 0, 0, 0,
    13, 0, 0, 14, 0, 0, 0, 0,
    13, 0, 13, 0, 15, 16, 17, 18,
    19, 20, 21, 22, 0, 0, 23, 0,
    0, 0, 24, 0, 25, 25, 25, 26,
    27, 28, 29, 30, 28, 31, 32, 32,
    25, 33, 25, 32, 34, 35, 36, 37,
    38, 39, 37, 32, 0, 0, 40, 0,
    0, 0, 0, 0, 0, 0, 0, 0,
    0, 0, 0, 0, 0, 0, 0, 0,
    0, 0, 0, 0, 0, 0, 0, 0,
    0, 0, 0, 0, 0, 0, 0, 0,
    0, 0, 0, 0, 0, 0, 0, 0,
    0, 0, 0
};

/*Kern values between classes*/
static const int8_t kern_class_values[] =
{
    -20, -20, 0, 0, -63, 0, 0, 0,
    0, 0, 0, 0, 0, 0, 0, 0,
    0, 0, 0, 0, 0, 0, 0, 0,
    0, 0, 0, 0, 0, 0, 0, 0,
    0, 0, 0, 0, 0, 0, 0, 0,
    0, 0, 0, 0, 0, 0, 0, 0,
    0, 0, 0, 0, 0, 0, 0, 0,
    0, 0, 0, 0, 0, 0, 0, 0,
    0, 0, 0, 0, 0, 21, 0, 0,
    0, 0, 0, 0, 0, 0, 0, 0,
    -56, -56, 0, 0, 0, 0, -49, -14,
    -14, 0, 0, 0, 0, 0, 0, 0,
    0, 0, 0, 0, 0, 0, 0, 0,
    0, 0, 0, 0, 0, 0, 0, 0,
    0, 0, 0, 0, 0, 0, 0, 0,
    0, 0, 0, 0, 0, -42, 0, 0,
    0, 0, 0, 0, 0, 0, 0, 0,
    0, 0, 0, 0, 0, 0, 0, 0,
    0, 0, 0, 0, 0, 0, 0, 0,
    0, 0, 0, 0, 0, 0, 0, 0,
    0, 0, 0, 0, -35, 0, 0, 0,
    0, -35, 0, 0, 0, 0, 0, 0,
    0, 0, 0, 0, 0, 0, 0, 0,
    0, 0, 0, 0, 0, 0, 0, 0,
    0, 0, 0, 0, 0, 0, 0, 0,
    0, 0, 0, 0, -56, 0, 0, 0,
    0, -35, 0, 0, 0, 0, 0, 0,
    0, 0, 0, 0, 0, 0, 0, 0,
    0, 0, 0, 0, 0, 0, 0, 0,
    0, 0, 0, 0, 0, 0, 0, 0,
    0, 0, 0, 0, 0, 0, -28, -21,
    0, 0, 0, 0, 0, 0, 0, 0,
    0, 0, 0, 0, 0, 0, 0, 0,
    0, 0, 0, 0, 0, 0, 0, 0,
    0, 0, 0, 0, 0, 0, 0, 0,
    -35, -35, 0, 0, 0, 0, 0, 0,
    0, 0, 0, 0, -7, 0, 0, -28,
    -4, -25, -14, 0, -29, 0, 0, 0,
    0, -7, 0, 0, 0, 0, -4, 0,
    0, 0, -7, 0, -7, 0, 0, 0,
    0, 0, 0, 0, 0, 0, 0, 0,
    0, 0, 0, 0, -4, 0, 0, -14,
    0, -7, 0, -7, -7, 0, 0, 0,
    0, 0, 0, 0, 0, 0, 0, 0,
    0, 0, 0, 0, 0, 0, 0, 0,
    0, 0, 0, 0, -21, 0, 0, 0,
    0, 0, 0, -7, 0, 0, 0, -13,
    0, -11, -7, -7, -14, -7, 0, -14,
    0, 0, 0, 0, 0, 0, 0, 0,
    0, 0, 0, 0, 0, 0, 0, 0,
    0, 0, 0, 0, 0, 0, 0, 0,
    0, 0, 0, 0, 0, 0, 0, 0,
    0, 0, 0, 0, 0, 0, 0, 0,
    0, 0, 0, 0, 0, 7, 0, 0,
    0, 0, 0, 0, 0, 0, 0, 0,
    0, 0, 0, 0, -56, 0, 0, 0,
    0, 0, 0, -14, 0, 0, 0, 0,
    0, 0, 0, 0, 0, 0, 0, -21,
    0, 0, 0, 0, 0, 0, 0, 0,
    0, 0, 0, 0, 0, 0, 0, 0,
    0, 0, 0, 0, 0, 0, 0, 0,
    0, 0, 0, 0, 0, 0, 0, 0,
    0, -4, 0, 0, -7, 0, 0, 0,
    0, 0, 0, 0, 0, 0, 0, 0,
    0, 0, 0, 0, 0, 0, 0, 0,
    0, 0, 0, 0, 0, 0, 0, 0,
    0, 0, 0, 0, 0, 2, 0, 0,
    0, 0, 0, 0, 0, 0, 0, 0,
    0, 0, 0, 0, 0, 0, 0, 0,
    0, 0, 0, 0, 0, 0, 0, 0,
    0, 0, 0, 0, 0, 0, 0, 0,
    0, 0, 0, -7, -7, 0, 0, -7,
    -14, -14, -14, 0, -14, 0, 0, 0,
    -14, 0, -14, 0, 0, 0, -14, 0,
    0, -7, -4, -14, -21, -14, 0, 0,
    -35, -35, 0, 0, 0, 0, 0, 0,
    0, 0, 0, 7, -21, 0, 0, -28,
    -7, -28, -14, 0, -35, 0, 0, 0,
    0, 0, 0, 0, 0, 0, 0, 0,
    0, 0, 0, 0, -14, -7, 0, 0,
    0, 0, 0, 0, -70, 0, 0, 0,
    0, 0, 0, -21, 0, 0, 0, -10,
    0, -4, -4, -18, -7, -14, 0, -21,
    0, 0, 0, 0, 0, 0, 0, 0,
    0, 0, 0, 0, 0, 0, 0, 0,
    0, 0, 0, 0, -21, 0, 0, 0,
    0, 0, 0, -7, 0, 2, 0, -13,
    0, -11, -7, -7, -14, -7, 0, -14,
    0, 0, 0, 0, 0, 0, 0, 0,
    0, 0, 0, 0, 0, 0, 0, 0,
    0, 0, 0, 0, 0, 0, 0, 0,
    0, 0, 0, 0, -5, 0, 0, -14,
    -4, -7, -4, -10, -14, 0, 0, 0,
    -7, 0, -7, 0, 0, 0, 0, 0,
    0, 0, -7, -4, -4, 0, 7, 0,
    0, 0, 0, 0, -7, 0, 0, 0,
    0, 0, 0, 0, 0, 0, 0, 0,
    0, -7, -4, 0, -7, 0, 0, 0,
    0, 0, 0, 0, 0, 0, 0, 0,
    0, 0, 0, 0, -7, -4, 0, 0,
    1, 1, 0, 0, -54, 0, 0, 0,
    0, 0, 0, -28, -7, 0, 0, 0,
    0, 0, 0, 0, 0, 0, 0, -28,
    -21, 0, -21, 0, -7, -7, 0, -21,
    -20, -21, 7, -28, -14, -7, -14, 0,
    0, 0, 0, 0, 0, 0, 0, 0,
    0, 0, 0, -4, 0, 0, 0, 0,
    0, 0, 0, -7, 0, 0, 0, 0,
    0, 0, 0, 0, 0, 0, 0, 0,
    0, 0, 0, 0, 0, 0, 0, 0,
    0, 0, 0, 0, -49, 0, 0, 0,
    0, -14, 0, -25, -11, 0, -4, 0,
    0, 0, 0, 0, 0, 0, 0, -14,
    -7, 0, -7, 0, 0, 0, 0, 0,
    0, -7, 0, 0, 0, 0, 0, 0,
    0, 0, 0, 0, -28, 0, 0, 0,
    0, -14, 0, -14, -7, 0, 0, 0,
    0, 0, 0, 0, 0, 0, 0, -14,
    -7, 0, -7, 0, 0, 0, 0, 0,
    0, -7, 0, 0, 0, 0, 0, 0,
    0, 0, 0, 0, -50, 0, 0, 0,
    0, -21, 0, -29, -14, 0, 0, 0,
    0, 0, 0, 0, 0, 0, 0, -36,
    -21, 0, -21, 0, -7, 0, 0, -14,
    -14, -21, 0, -14, -14, 0, -14, 0,
    0, 0, 0, 0, 0, 0, 0, 0,
    0, 0, 0, 0, -7, 0, 0, 0,
    0, 0, 0, 0, 0, 0, 0, 0,
    0, 0, 0, 0, 0, 0, 0, 0,
    0, 0, 0, 0, 0, 0, 0, 0,
    0, 0, 0, 0, 0, 0, 0, 0,
    0, 0, 0, 0, 0, 0, 0, 0,
    0, 0, 0, 0, 0, 0, 0, 0,
    0, 0, 0, 0, 0, 28, 0, 0,
    0, 0, 0, 0, 0, 0, 0, 0,
    0, 0, 0, 0, 0, 0, 0, 0,
    0, 0, 0, 0, 0, 0, 0, -21,
    0, -7, 0, 0, -21, 0, 0, 0,
    0, 0, 0, 0, 0, 0, 0, 0,
    0, 0, 0, 0, -4, -4, 0, 0,
    0, 0, 0, 0, -14, 0, 0, 0,
    0, 0, 0, 0, 0, 0, 0, -21,
    0, -7, -7, -14, -21, 0, 0, 0,
    0, 0, 0, 0, 0, 0, 0, 0,
    0, 0, 0, 0, -4, 0, -7, 0,
    0, 0, 0, 0, -7, 0, 0, 0,
    0, 0, 0, 0, 0, 0, 0, -21,
    0, 0, 0, 0, -14, 0, 0, 0,
    0, 0, 0, 0, 0, 7, 0, 0,
    0, 0, 0, 0, 0, 0, 0, 0,
    1, 1, 0, 21, 0, 0, 0, 0,
    0, 0, 14, 0, 0, 0, 0, 14,
    0, 7, 7, 7, 0, 0, 7, -10,
    -7, 0, -14, -7, -7, -7, -7, 0,
    0, -7, 0, 0, 0, 0, 0, 1,
    0, 0, 0, 0, 0, 0, 0, 0,
    0, 0, 0, 0, 0, 0, 0, -20,
    0, 0, 0, 0, -14, 0, 0, 0,
    0, 0, 0, 0, 0, 0, 0, 0,
    0, 0, 0, 0, -4, 0, 0, 0,
    1, 1, 1, 0, 0, 0, 0, 0,
    0, 0, 1, 0, 0, 0, 0, -7,
    0, 0, 0, 0, 0, 0, 14, 0,
    0, 0, 0, 0, 0, 0, 0, 0,
    0, 0, 0, 0, 0, 0, 0, 8,
    0, 0, 0, 0, 0, 0, 0, 0,
    0, 0, 0, 0, 0, 0, 0, -7,
    0, 0, 0, 0, 0, 0, 0, 0,
    0, 0, 0, 0, 0, 0, 0, 0,
    0, 0, 0, 0, 0, 0, 0, 0,
    0, 0, 0, 0, 0, 0, 0, 0,
    0, 0, 0, 0, 0, 0, 0, -14,
    0, 0, -7, 0, 0, 0, 0, -7,
    -7, 0, -7, 0, 0, 0, -7, 0,
    0, 0, 0, -4, 0, 0, 0, 0,
    0, 0, 0, 0, 0, 0, 0, 0,
    0, 0, 0, 0, 0, 0, 0, 0,
    0, 0, 0, 0, 0, 0, 0, 0,
    0, -7, 0, 0, 0, 0, 0, 0,
    0, 0, 0, 0, -7, -4, 0, 0,
    0, 0, 0, 0, 0, 0, 0, 0,
    0, 0, 0, 0, 0, 0, 0, -7,
    0, 0, 0, 0, -7, 0, 0, 0,
    0, 0, 0, 0, 0, 7, 0, 0,
    0, 0, 0, 0, 0, 0, 0, 0,
    1, 1, 0, 0, -32, 0, 0, 0,
    0, 0, 0, 0, 0, 0, 0, 0,
    0, 0, 0, 0, 0, 0, 0, -17,
    -7, 0, 0, 0, 0, 0, 0, 0,
    0, 0, 7, 0, 0, 0, 0, 0,
    0, 0, 0, 0, 0, 0, 0, 0,
    0, 0, 0, 0, 0, 0, 0, -21,
    0, -7, -7, -7, -21, 0, 0, 0,
    0, 0, 0, 0, 0, 0, 0, 0,
    0, 0, 0, 0, -7, 0, -4, 0,
    0, 0, 0, 0, 0, 0, 0, 0,
    0, 0, 0, 0, 0, 0, 0, 0,
    0, 0, 0, 0, 0, 0, 0, 0,
    0, 0, 0, 0, 0, 0, 0, 0,
    0, 0, 0, 0, 0, 0, 0, 0,
    0, 0, 0, 0, 0, 0, 0, 0,
    0, 0, 0, 0, 0, 0, 0, -14,
    0, 0, 0, 0, -7, 0, 0, 0,
    0, 0, 0, 0, 0, 0, 0, 0,
    0, 0, 0, 0, 0, 0, 0, 0,
    0, 0, 0, 0, -32, 0, 0, 0,
    0, 0, 0, 0, 0, 0, 0, -14,
    0, 0, 0, -14, 0, 0, 0, -12,
    -4, 0, 0, 0, 0, 0, 0, 0,
    0, 0, 0, 0, 0, 0, 0, 0,
    0, 0, 0, 0, -18, 0, 0, 0,
    0, 0, 0, 0, 0, 0, 0, -7,
    0, 0, 0, -14, 0, 0, 0, -11,
    0, 0, 0, 0, 0, 0, 0, 0,
    0, 0, 0, 0, 0, 0, 0, 0,
    0, 0, 0, 0, 0, 0, 0, 0,
    0, 0, 0, 0, 0, 0, 0, -21,
    0, 0, 0, 0, 0, 0, 0, 0,
    0, 0, 0, 0, 0, 0, 0, 0,
    0, 0, 0, 0, 0, 0, 0, 0,
    0, 0, 0, 0, 0, 0, 0, 0,
    0, 0, 0, 0, 0, 0, 0, 0,
    0, 0, 0, 0, 0, 0, 0, 0,
    0, 0, 0, 1, 0, 28, 0, 0,
    0, 0, 0, 0, 0, 0, 0, 0
};

/*Collect the kern class' data in one place*/
static const lv_font_fmt_txt_kern_classes_t kern_classes =
{
    .class_pair_values   = kern_class_values,
    .left_class_mapping  = kern_left_class_mapping,
    .right_class_mapping = kern_right_class_mapping,
    .left_class_cnt      = 45,
    .right_class_cnt     = 40,
};

/*--------------------
 *  ALL CUSTOM DATA
 *--------------------*/

#if LVGL_VERSION_MAJOR == 8
/*Store all the custom data of the font*/
static  lv_font_fmt_txt_glyph_cache_t cache;
#endif

#if LVGL_VERSION_MAJOR >= 8
static const lv_font_fmt_txt_dsc_t font_dsc = {
#else
static lv_font_fmt_txt_dsc_t font_dsc = {
#endif
    .glyph_bitmap = glyph_bitmap,
    .glyph_dsc = glyph_dsc,
    .cmaps = cmaps,
    .kern_dsc = &kern_classes,
    .kern_scale = 16,
    .cmap_num = 2,
    .bpp = 4,
    .kern_classes = 1,
    .bitmap_format = 0,
#if LVGL_VERSION_MAJOR == 8
    .cache = &cache
#endif

};



/*-----------------
 *  PUBLIC FONT
 *----------------*/

/*Initialize a public general font descriptor*/
#if LVGL_VERSION_MAJOR >= 8
const lv_font_t lv_font_alibaba_22 = {
#else
lv_font_t lv_font_alibaba_22 = {
#endif
    .get_glyph_dsc = lv_font_get_glyph_dsc_fmt_txt,    /*Function pointer to get glyph's data*/
    .get_glyph_bitmap = lv_font_get_bitmap_fmt_txt,    /*Function pointer to get glyph's bitmap*/
    .line_height = 23,          /*The maximum line height required by the font*/
    .base_line = 4,             /*Baseline measured from the bottom of the line*/
#if LV_VERSION_CHECK(9, 6, 0) || LVGL_VERSION_MAJOR >= 10
    .cap_height = 15,           /*Cap height of the font*/
    .x_height = 12,               /*x-height of the font*/
#endif
#if !(LVGL_VERSION_MAJOR == 6 && LVGL_VERSION_MINOR == 0)
    .subpx = LV_FONT_SUBPX_NONE,
#endif
#if LV_VERSION_CHECK(7, 4, 0) || LVGL_VERSION_MAJOR >= 8
    .underline_position = -2,
    .underline_thickness = 1,
#endif

#if LV_VERSION_CHECK(9, 3, 0)
    .static_bitmap = 1,    /*Bitmaps are stored as const so they are always static if not compressed */
#endif

    .dsc = &font_dsc,          /*The custom font data. Will be accessed by `get_glyph_bitmap/dsc` */
#if LV_VERSION_CHECK(8, 2, 0) || LVGL_VERSION_MAJOR >= 9
    .fallback = NULL,
#endif
    .user_data = NULL,
};



#endif /*#if LV_FONT_ALIBABA_22*/
